ID;Nombre;Precio impuestos incluidos;ID regla de impuestos;En oferta (0/1);Valor del descuento;Porcentaje de descuento;Descuento desde (aaaa-mm-dd);Descuento hasta (aaaa-mm-dd);Referencia nº;N° de referencia proveedor;Marca;EAN13;UPC;Ecotasa;Anchura;Altura;Profundidad;Peso;Cantidad;Cantidad mínima;Nivel de stock bajo;Envíame un mensaje de correo electrónico cuando la cantidad esté por debajo de este nivel;Visible en;Coste adicional del envío;Unidad para el precio unitario;Resumen;Descripción;Etiquetas (x,y,z...);Meta-título;Meta keywords;Meta descripción;URL reescrita;Disponible para pedidos (0 = No, 1 = Si);Fecha de disponibilidad del producto;Fecha de creación del producto;URL's de las imágenes (x,y,z...);Textos alternativos de imagen (x,y,z...);Elimine las imágenes existentes (0 = No, 1 = Si);Característica (Nombre:Valor:Posición:Personalizado);Estado;Destacado;
;Afeitadora rotativa philips s7310/12 sec/hum 50m/1h trimmer estuche 100-240v;1326000;1;0;;;;;EDPCPAS731012-RT;;PHILIPS;;;;15,60;15,60;15,60;0,76;0;;;;;;;;;;;;;;;;;http://181.40.23.235:8199/files/imagenes/productos/EDPCPAS731012-RT.jpg;;;Marca:PHILIPS&Producto:AFEITADORAS&Segmento:CUIDADO PERSONAL&Vendedor:Sara Comercial&Ancho:15,6  CM&Alto:23,1  CM&Largo:8,4  CM&Peso:455  GR;;;
;no facturarmixer philips walita ri1604/00 plastico 1v c/vaso 250w220v;231000;1;0;;;;;EDPBMRI160400;;PHILIPS;;;;11,50;11,50;11,50;1,08;0;;;;;;;;;;;;;;;;;http://181.40.23.235:8199/files/imagenes/productos/EDPBMRI160400.jpg;;;Marca:PHILIPS&Producto:BATIDORAS&Segmento:PEQUE�OS ELECTRODOMESTICOS&Vendedor:Sara Comercial&Ancho:11,5  CM&Alto:17  CM&Largo:22  CM&Peso:818  GR;;;
;Afeitadora corporal philips bg105/11 sistema protec skin 1 peine pila aa;181000;1;0;;;;;EDPCPBG10511-RT;;PHILIPS;;;;10,00;10,00;10,00;0,21;0;;;;;;;;;;;;;;;;;http://181.40.23.235:8199/files/imagenes/productos/EDPCPBG10511-RT.jpg;;;Marca:PHILIPS&Producto:AFEITADORAS&Segmento:CUIDADO PERSONAL&Vendedor:Sara Comercial&Ancho:10  CM&Alto:20  CM&Largo:4,2  CM&Peso:162  GR;;;
;Afeitadora rotativa philips s5050/04 sec/hum comfortcut 30m/8h trimmer 100-240v;605000;1;0;;;;;EDPCPAS505004-RT;;PHILIPS;;;;13,50;13,50;13,50;0,45;0;;;;;;;;;;;;;;;;;http://181.40.23.235:8199/files/imagenes/productos/EDPCPAS505004-RT.jpg;;;Marca:PHILIPS&Producto:AFEITADORAS&Segmento:CUIDADO PERSONAL&Vendedor:Sara Comercial&Ancho:13,5  CM&Alto:19  CM&Largo:7  CM&Peso:399  GR;;;
;Afeitadora philips qp2521/10 oneblade uso rostro seco humedo 2 acc 240v;275000;1;0;;;;;EDPCAQP252110-RT;;PHILIPS;;;;10,00;10,00;10,00;0,34;0;;;;;;;;;;;;;;;;;http://181.40.23.235:8199/files/imagenes/productos/EDPCAQP252110-RT.jpg;;;Marca:PHILIPS&Producto:AFEITADORAS&Segmento:CUIDADO PERSONAL&Vendedor:Sara Comercial&Ancho:10  CM&Alto:18  CM&Largo:7,5  CM&Peso:241  GR;;;
;Afeitadora rotativa philips s5420/04 sec/hum +precision 45m/1h trimmer 100-240v;977000;1;0;;;;;EDPCPAS542004-RT;;PHILIPS;;;;13,50;13,50;13,50;0,45;0;;;;;;;;;;;;;;;;;http://181.40.23.235:8199/files/imagenes/productos/EDPCPAS542004-RT.jpg;;;Marca:PHILIPS&Producto:AFEITADORAS&Segmento:CUIDADO PERSONAL&Vendedor:Sara Comercial&Ancho:13,5  CM&Alto:19  CM&Largo:7  CM&Peso:404  GR;;;
;Afeitadora philips qp2510/10 oneblade uso rostro seco humedo 2 acc 240v;212000;1;0;;;;;EDPCAQP251010-RT;;PHILIPS;;;;10,00;10,00;10,00;0,31;0;;;;;;;;;;;;;;;;;http://181.40.23.235:8199/files/imagenes/productos/EDPCAQP251010-RT.jpg;;;Marca:PHILIPS&Producto:AFEITADORAS&Segmento:CUIDADO PERSONAL&Vendedor:Sara Comercial&Ancho:10  CM&Alto:20,4  CM&Largo:6  CM&Peso:205  GR;;;
;Afeitadora rotativa philips hq6944/16 sec closecut cable c/cortapatilla 100-240v;282000;1;0;;;;;EDPCPAHQ694416-RT;;PHILIPS;;;;0,00;0,00;0,00;0,00;0;;;;;;;;;;;;;;;;;;;;Marca:PHILIPS&Producto:AFEITADORAS&Segmento:CUIDADO PERSONAL&Vendedor:Sara Comercial&;;;
;Afeitadora rotativa philips s7310/12 sec/hum 50m/1h trimmer estuche 100-240v;1326000;1;0;;;;;EDPCPAS731012-RT;;PHILIPS;;;;15,60;15,60;15,60;0,76;0;;;;;;;;;;;;;;;;;http://181.40.23.235:8199/files/imagenes/productos/EDPCPAS731012-RT.jpg;;;Marca:PHILIPS&Producto:AFEITADORAS&Segmento:CUIDADO PERSONAL&Vendedor:Sara Comercial&Ancho:15,6  CM&Alto:23,1  CM&Largo:8,4  CM&Peso:455  GR;;;
;Afeitadora rotativa philips s9031/13 es/se 50m/1h v-track trimmer funda 100-240v;2015000;1;0;;;;;EDPCPAS903113;;PHILIPS;;;;17,30;17,30;17,30;0,94;0;;;;;;;;;;;;;;;;;http://181.40.23.235:8199/files/imagenes/productos/EDPCPAS903113.jpg;;;Marca:PHILIPS&Producto:AFEITADORAS&Segmento:CUIDADO PERSONAL&Vendedor:Sara Comercial&Ancho:17,3  CM&Alto:24,6  CM&Largo:8,8  CM&Peso:577  GR;;;
;Afeitadora rotativa pt860/14 dualprecision uso 50min en seco 5.4w 240v;583000;1;0;;;;;EDPCAPT86014-RT;;PHILIPS;;;;13,40;13,40;13,40;0,44;0;;;;;;;;;;;;;;;;;http://181.40.23.235:8199/files/imagenes/productos/EDPCAPT86014-RT.jpg;;;Marca:PHILIPS&Producto:AFEITADORAS&Segmento:CUIDADO PERSONAL&Vendedor:Sara Comercial&Ancho:13,4  CM&Alto:18,8  CM&Largo:7  CM&Peso:388  GR;;;
;Alisador philips bhs675/00 placa ceramica 11fun dig 230�c ion keratina 240v;531000;1;0;;;;;EDPCPPBHS67500-RT;;PHILIPS;;;;35,50;35,50;35,50;0,63;0;;;;;;;;;;;;;;;;;http://181.40.23.235:8199/files/imagenes/productos/EDPCPPBHS67500-RT.jpg;;;Marca:PHILIPS&Producto:ALISADORES&Segmento:CUIDADO PERSONAL&Vendedor:Sara Comercial&Ancho:35,5  CM&Alto:11  CM&Largo:6,5  CM&Peso:530  GR;;;
;Alisador philips bhs380/00 placa ceramica 210�c iones func bloq 110-240v;282000;1;0;;;;;EDPCPPBHS38000-RT;;PHILIPS;;;;32,00;32,00;32,00;0,57;0;;;;;;;;;;;;;;;;;http://181.40.23.235:8199/files/imagenes/productos/EDPCPPBHS38000-RT.jpg;;;Marca:PHILIPS&Producto:ALISADORES&Segmento:CUIDADO PERSONAL&Vendedor:Sara Comercial&Ancho:32  CM&Alto:11  CM&Largo:6,5  CM&Peso:458  GR;;;
;Alisador philips hp8316/00 placa ceramica keratin ancha 210�c ion 240v;389000;1;0;;;;;EDPCPPHP831600-RT;;PHILIPS;;;;6,00;6,00;6,00;0,61;0;;;;;;;;;;;;;;;;;http://181.40.23.235:8199/files/imagenes/productos/EDPCPPHP831600-RT.jpg;;;Marca:PHILIPS&Producto:ALISADORES&Segmento:CUIDADO PERSONAL&Vendedor:Sara Comercial&Ancho:6  CM&Alto:12  CM&Largo:34  CM&Peso:592  GR;;;
;Alisador philips bhs674/00 placa ceramica 10fun dig temp 220�c ion 240v;447000;1;0;;;;;EDPCPPBHS67400-RT;;PHILIPS;;;;35,50;35,50;35,50;0,63;0;;;;;;;;;;;;;;;;;http://181.40.23.235:8199/files/imagenes/productos/EDPCPPBHS67400-RT.jpg;;;Marca:PHILIPS&Producto:ALISADORES&Segmento:CUIDADO PERSONAL&Vendedor:Sara Comercial&Ancho:35,5  CM&Alto:11  CM&Largo:6,5  CM&Peso:530  GR;;;
;Alisador philips hp8321/00 placa turmalina 100mm temperatura 210�c 240v;182000;1;0;;;;;EDPCPHP832100-RT;;PHILIPS;;;;31,10;31,10;31,10;0,44;0;;;;;;;;;;;;;;;;;http://181.40.23.235:8199/files/imagenes/productos/EDPCPHP832100-RT.jpg;;;Marca:PHILIPS&Producto:ALISADORES&Segmento:CUIDADO PERSONAL&Vendedor:Sara Comercial&Ancho:31,1  CM&Alto:8,6  CM&Largo:6,5  CM&Peso:442  GR;;;
;Aporcador 24-45 cm;577000;1;0;;;;;GFDU0117R2EA;;DUCATI;;;;0,00;0,00;0,00;0,00;0;;;;;;;;;;;;;;;;;http://181.40.23.235:8199/files/imagenes/productos/GFDU0117R2EA.jpg;;;Marca:DUCATI&Producto:PREPARACION DE SUELO&Segmento:CAMPO Y JARDIN&Vendedor:Sara Comercial&Ancho:0  CM&Alto:0  CM&Largo:0  CM&Peso:0  GR;;;
;Arado fijo 6;739000;1;0;;;;;GFDU0117B00SVA;;DUCATI;;;;0,00;0,00;0,00;0,00;0;;;;;;;;;;;;;;;;;http://181.40.23.235:8199/files/imagenes/productos/GFDU0117B00SVA.jpg;;;Marca:DUCATI&Producto:PREPARACION DE SUELO&Segmento:CAMPO Y JARDIN&Vendedor:Sara Comercial&Ancho:0  CM&Alto:0  CM&Largo:0  CM&Peso:0  GR;;;
;Arrancapatatas patin regulable;612000;1;0;;;;;GFDU0117R2PA;;DUCATI;;;;0,00;0,00;0,00;0,00;0;;;;;;;;;;;;;;;;;http://181.40.23.235:8199/files/imagenes/productos/GFDU0117R2PA.jpg;;;Marca:DUCATI&Producto:PREPARACION DE SUELO&Segmento:CAMPO Y JARDIN&Vendedor:Sara Comercial&Ancho:0  CM&Alto:0  CM&Largo:0  CM&Peso:0  GR;;;
;Atomizador ducati dmd8300 e1;1594000;1;0;;;;;GFDUDMD8300E1;;DUCATI;;;;44,00;44,00;44,00;52,04;0;;;;;;;;;;;;;;;;;http://181.40.23.235:8199/files/imagenes/productos/GFDUDMD8300E1.jpg;;;Marca:DUCATI&Producto:CUIDADO Y LIMPIEZA&Segmento:CAMPO Y JARDIN&Vendedor:Sara Comercial&Ancho:44  CM&Alto:83  CM&Largo:57  CM&Peso:13200  GR;;;
;Auricular aiwa aw-a61bt-bk bt inalambrico mic negro;218000;1;0;;;;;ELAWA61BTBK-RT;;AIWA;;;;8,00;8,00;8,00;0,80;0;;;;;;;;;;;;;;;;;http://181.40.23.235:8199/files/imagenes/productos/ELAWA61BTBK-RT.jpg;;;Marca:AIWA&Producto:HEADPHONES&Segmento:TV/AUDIO/VIDEO&Vendedor:Sara Comercial&Ancho:8  CM&Alto:21,5  CM&Largo:18,5  CM&Peso:555  GR;;;
;Auricular aiwa aw-m700-s acustica cerrada/cable metal p/exteriores/mic/plata;45000;1;0;;;;;ELAWM700S-RT;;AIWA;;;;1,00;1,00;1,00;0,05;0;;;;;;;;;;;;;;;;;http://181.40.23.235:8199/files/imagenes/productos/ELAWM700S-RT.jpg;;;Marca:AIWA&Producto:HEADPHONES&Segmento:TV/AUDIO/VIDEO&Vendedor:Sara Comercial&Ancho:1  CM&Alto:1  CM&Largo:1  CM&Peso:47  GR;;;
;Auricular aiwa aw-m700-bk acustica cerrada/cable metal p/exteriores/mic/negro;45000;1;0;;;;;ELAWM700BK-RT;;AIWA;;;;1,00;1,00;1,00;0,05;0;;;;;;;;;;;;;;;;;http://181.40.23.235:8199/files/imagenes/productos/ELAWM700BK-RT.jpg;;;Marca:AIWA&Producto:HEADPHONES&Segmento:TV/AUDIO/VIDEO&Vendedor:Sara Comercial&Ancho:1  CM&Alto:1  CM&Largo:1  CM&Peso:47  GR;;;
;Auricular aiwa aw-2-pro-b/bt/control de llamadas/bat de 10hs/azul;199000;1;0;;;;;ELAW2PROB-RT;;AIWA;;;;7,00;7,00;7,00;0,69;0;;;;;;;;;;;;;;;;;http://181.40.23.235:8199/files/imagenes/productos/ELAW2PROB-RT.jpg;;;Marca:AIWA&Producto:HEADPHONES&Segmento:TV/AUDIO/VIDEO&Vendedor:Sara Comercial&Ancho:7  CM&Alto:18,5  CM&Largo:21,3  CM&Peso:49  GR;;;
;Auricular aiwa aw-4turbo-bk/bt/hi fi/mic/bat de 13hs/negro;432000;1;0;;;;;ELAW4TURBOBK-RT;;AIWA;;;;4,20;4,20;4,20;0,54;0;;;;;;;;;;;;;;;;;http://181.40.23.235:8199/files/imagenes/productos/ELAW4TURBOBK-RT.jpg;;;Marca:AIWA&Producto:HEADPHONES&Segmento:TV/AUDIO/VIDEO&Vendedor:Sara Comercial&Ancho:4,2  CM&Alto:19,5  CM&Largo:21,7  CM&Peso:535  GR;;;
;Afeitadora rotativa philips s1223/41 aquatec hum/sec cortapatillas 45m/10h 240v;0;1;0;;;;;EDPCPASS122341-RT;;PHILIPS;;;;15,10;15,10;15,10;2,21;0;;;;;;;;;;;;;;;;;http://181.40.23.235:8199/files/imagenes/productos/EDPCPASS1223/41-RT.jpg;;;Marca:PHILIPS&Producto:AFEITADORAS&Segmento:CUIDADO PERSONAL&Vendedor:Sara Comercial&Ancho:15,1  CM&Alto:20,5  CM&Largo:28,5  CM&Peso:160  GR;;;
;Auricular aiwa aw-4turbo-ch/bt/hi fi/mic/bat de 13hs/champagne;432000;1;0;;;;;ELAW4TURBOCH-RT;;AIWA;;;;4,20;4,20;4,20;0,54;0;;;;;;;;;;;;;;;;;http://181.40.23.235:8199/files/imagenes/productos/ELAW4TURBOCH-RT.jpg;;;Marca:AIWA&Producto:HEADPHONES&Segmento:TV/AUDIO/VIDEO&Vendedor:Sara Comercial&Ancho:4,2  CM&Alto:19,5  CM&Largo:21,7  CM&Peso:535  GR;;;
;Auricular aiwa aw-4turbo-r/o/bt/hi fi/mic/bat de 13hs/rosado;415000;1;0;;;;;ELAW4TURBORO-RT;;AIWA;;;;4,20;4,20;4,20;0,54;0;;;;;;;;;;;;;;;;;http://181.40.23.235:8199/files/imagenes/productos/ELAW4TURBORO-RT.jpg;;;Marca:AIWA&Producto:HEADPHONES&Segmento:TV/AUDIO/VIDEO&Vendedor:Sara Comercial&Ancho:4,2  CM&Alto:19,5  CM&Largo:21,7  CM&Peso:535  GR;;;
;Auricular aiwa aw-902-bk sport in/ear bt c/mic play 8hs negro;202000;1;0;;;;;ELAW902BK-RT;;AIWA;;;;4,40;4,40;4,40;0,21;0;;;;;;;;;;;;;;;;;http://181.40.23.235:8199/files/imagenes/productos/ELAW902BK-RT.jpg;;;Marca:AIWA&Producto:HEADPHONES&Segmento:TV/AUDIO/VIDEO&Vendedor:Sara Comercial&Ancho:4,4  CM&Alto:8  CM&Largo:10  CM&Peso:214  GR;;;
;Auricular aiwa aw-8ncbt-bk bt/mic/reduccion ruido y eco/li-on;501000;1;0;;;;;ELAW8NCBTBK-RT;;AIWA;;;;5,60;5,60;5,60;0,72;0;;;;;;;;;;;;;;;;;http://181.40.23.235:8199/files/imagenes/productos/ELAW8NCBTBK-RT.jpg;;;Marca:AIWA&Producto:HEADPHONES&Segmento:TV/AUDIO/VIDEO&Vendedor:Sara Comercial&Ancho:5,6  CM&Alto:26,5  CM&Largo:19,5  CM&Peso:623  GR;;;
;Auricular aiwa aw-810bt-w bt/intrauditivos/mic/play 4hs/blanco;151000;1;0;;;;;ELAW810BTW-RT;;AIWA;;;;3,50;3,50;3,50;0,15;0;;;;;;;;;;;;;;;;;http://181.40.23.235:8199/files/imagenes/productos/ELAW810BTW-RT.jpg;;;Marca:AIWA&Producto:HEADPHONES&Segmento:TV/AUDIO/VIDEO&Vendedor:Sara Comercial&Ancho:3,5  CM&Alto:10  CM&Largo:17  CM&Peso:118  GR;;;
;Auricular aiwa aw-810bt-bk bt/intrauditivos/mic/play 4hs/negro;151000;1;0;;;;;ELAW810BTBK-RT;;AIWA;;;;3,50;3,50;3,50;0,15;0;;;;;;;;;;;;;;;;;http://181.40.23.235:8199/files/imagenes/productos/ELAW810BTBK-RT.jpg;;;Marca:AIWA&Producto:HEADPHONES&Segmento:TV/AUDIO/VIDEO&Vendedor:Sara Comercial&Ancho:3,5  CM&Alto:10  CM&Largo:17  CM&Peso:118  GR;;;
;Auricular aiwa aw-902-r sport in/ear bt c/mic play 8hs rojo;202000;1;0;;;;;ELAW902R-RT;;AIWA;;;;4,40;4,40;4,40;0,21;0;;;;;;;;;;;;;;;;;http://181.40.23.235:8199/files/imagenes/productos/ELAW902R-RT.jpg;;;Marca:AIWA&Producto:HEADPHONES&Segmento:TV/AUDIO/VIDEO&Vendedor:Sara Comercial&Ancho:4,4  CM&Alto:8  CM&Largo:10  CM&Peso:214  GR;;;
;Auricular philips shb4000wt/bt/control de llamadas/bat de 9hs/blanco;188000;1;0;;;;;ELPHB4000WT;;PHILIPS;;;;6,50;6,50;6,50;0,71;0;;;;;;;;;;;;;;;;;http://181.40.23.235:8199/files/imagenes/productos/ELPHB4000WT.jpg;;;Marca:PHILIPS&Producto:HEADPHONES&Segmento:TV/AUDIO/VIDEO&Vendedor:Sara Comercial&Ancho:6,5  CM&Alto:22,5  CM&Largo:19,5  CM&Peso:0  GR;;;
;Auricular philips shb4000/bt/control de llamadas/bat de 9hs/negro;188000;1;0;;;;;ELPHB4000;;PHILIPS;;;;6,50;6,50;6,50;0,71;0;;;;;;;;;;;;;;;;;http://181.40.23.235:8199/files/imagenes/productos/ELPHB4000.jpg;;;Marca:PHILIPS&Producto:HEADPHONES&Segmento:TV/AUDIO/VIDEO&Vendedor:Sara Comercial&Ancho:6,5  CM&Alto:22,5  CM&Largo:19,5  CM&Peso:0  GR;;;
;Auricular aiwa aw-980-bk sport in/ear bt c/mic play 6hs negro;199000;1;0;;;;;ELAW980BK-RT;;AIWA;;;;3,50;3,50;3,50;0,27;0;;;;;;;;;;;;;;;;;http://181.40.23.235:8199/files/imagenes/productos/ELAW980BK-RT.jpg;;;Marca:AIWA&Producto:HEADPHONES&Segmento:TV/AUDIO/VIDEO&Vendedor:Sara Comercial&Ancho:3,5  CM&Alto:19,7  CM&Largo:15  CM&Peso:268  GR;;;
;Auricular philips shb7250wt/bt/nfc/conexi�n/multiple/bat 11hs/blanco;372000;1;0;;;;;ELPHB7250WT;;PHILIPS;;;;9,00;9,00;9,00;0,90;0;;;;;;;;;;;;;;;;;http://181.40.23.235:8199/files/imagenes/productos/ELPHB7250WT.jpg;;;Marca:PHILIPS&Producto:HEADPHONES&Segmento:TV/AUDIO/VIDEO&Vendedor:Sara Comercial&Ancho:9  CM&Alto:20,3  CM&Largo:19,8  CM&Peso:0  GR;;;
;Auricular philips she3010gn/acustica abierta/estructura blanda/verde;34000;1;0;;;;;ELPHE3010GN;;PHILIPS;;;;3,00;3,00;3,00;0,07;0;;;;;;;;;;;;;;;;;http://181.40.23.235:8199/files/imagenes/productos/ELPHE3010GN.jpg;;;Marca:PHILIPS&Producto:HEADPHONES&Segmento:TV/AUDIO/VIDEO&Vendedor:Sara Comercial&Ancho:3  CM&Alto:17,3  CM&Largo:5,1  CM&Peso:0  GR;;;
;Auricular philips she3590bk/intrauditivos/graves potentes/negro;56000;1;0;;;;;ELPHE3590BK;;PHILIPS;;;;3,00;3,00;3,00;0,07;0;;;;;;;;;;;;;;;;;http://181.40.23.235:8199/files/imagenes/productos/ELPHE3590BK.jpg;;;Marca:PHILIPS&Producto:HEADPHONES&Segmento:TV/AUDIO/VIDEO&Vendedor:Sara Comercial&Ancho:3  CM&Alto:17,3  CM&Largo:5,1  CM&Peso:0  GR;;;
;Auricular philips she3590bl/intrauditivos/graves potentes/azul;52000;1;0;;;;;ELPHE3590BL;;PHILIPS;;;;3,00;3,00;3,00;0,07;0;;;;;;;;;;;;;;;;;http://181.40.23.235:8199/files/imagenes/productos/ELPHE3590BL.jpg;;;Marca:PHILIPS&Producto:HEADPHONES&Segmento:TV/AUDIO/VIDEO&Vendedor:Sara Comercial&Ancho:3  CM&Alto:17,3  CM&Largo:5,1  CM&Peso:0  GR;;;
;Auricular philips she3010pp/acustica abierta/estructura blanda/lila;34000;1;0;;;;;ELPHE3010PP;;PHILIPS;;;;3,00;3,00;3,00;0,07;0;;;;;;;;;;;;;;;;;http://181.40.23.235:8199/files/imagenes/productos/ELPHE3010PP.jpg;;;Marca:PHILIPS&Producto:HEADPHONES&Segmento:TV/AUDIO/VIDEO&Vendedor:Sara Comercial&Ancho:3  CM&Alto:17,3  CM&Largo:5,1  CM&Peso:0  GR;;;
;Auricular philips she3590lb sistema acustico cerrado/cable p/exteriores de 1.2m/;50000;1;0;;;;;ELPH3590LB;;PHILIPS;;;;3,00;3,00;3,00;0,07;0;;;;;;;;;;;;;;;;;http://181.40.23.235:8199/files/imagenes/productos/ELPH3590LB.jpg;;;Marca:PHILIPS&Producto:HEADPHONES&Segmento:TV/AUDIO/VIDEO&Vendedor:Sara Comercial&Ancho:3  CM&Alto:17,3  CM&Largo:5,1  CM&Peso:0  GR;;;
;Auricular philips she3590pp sistema acustico cerrado/cable p/exteriores de 1.2m/;25000;1;0;;;;;ELPH3590PP;;PHILIPS;;;;3,00;3,00;3,00;0,07;0;;;;;;;;;;;;;;;;;http://181.40.23.235:8199/files/imagenes/productos/ELPH3590PP.jpg;;;Marca:PHILIPS&Producto:HEADPHONES&Segmento:TV/AUDIO/VIDEO&Vendedor:Sara Comercial&Ancho:3  CM&Alto:17,3  CM&Largo:5,1  CM&Peso:0  GR;;;
;Auricular philips she3590wt/intrauditivos/graves potentes/blanco;52000;1;0;;;;;ELPHE3590WT;;PHILIPS;;;;3,00;3,00;3,00;0,07;0;;;;;;;;;;;;;;;;;http://181.40.23.235:8199/files/imagenes/productos/ELPHE3590WT.jpg;;;Marca:PHILIPS&Producto:HEADPHONES&Segmento:TV/AUDIO/VIDEO&Vendedor:Sara Comercial&Ancho:3  CM&Alto:17,3  CM&Largo:5,1  CM&Peso:0  GR;;;
;Auricular philips she3595wt/intrauditivos/graves potentes/mic/blanco;69000;1;0;;;;;ELPHE3595WT;;PHILIPS;;;;3,00;3,00;3,00;0,12;0;;;;;;;;;;;;;;;;;http://181.40.23.235:8199/files/imagenes/productos/ELPHE3595WT.jpg;;;Marca:PHILIPS&Producto:HEADPHONES&Segmento:TV/AUDIO/VIDEO&Vendedor:Sara Comercial&Ancho:3  CM&Alto:17,2  CM&Largo:9,5  CM&Peso:0  GR;;;
;Auricular philips she3595bk/intrauditivos/graves potentes/mic/negro;70000;1;0;;;;;ELPHE3595BK;;PHILIPS;;;;3,00;3,00;3,00;0,12;0;;;;;;;;;;;;;;;;;http://181.40.23.235:8199/files/imagenes/productos/ELPHE3595BK.jpg;;;Marca:PHILIPS&Producto:HEADPHONES&Segmento:TV/AUDIO/VIDEO&Vendedor:Sara Comercial&Ancho:3  CM&Alto:17,2  CM&Largo:9,5  CM&Peso:0  GR;;;
;Auricular philips shl3165wt/acustica cerrada/graves potentes/mic/blanco;134000;1;0;;;;;ELPHL3165WT;;PHILIPS;;;;5,50;5,50;5,50;0,54;0;;;;;;;;;;;;;;;;;http://181.40.23.235:8199/files/imagenes/productos/ELPHL3165WT.jpg;;;Marca:PHILIPS&Producto:HEADPHONES&Segmento:TV/AUDIO/VIDEO&Vendedor:Sara Comercial&Ancho:5,5  CM&Alto:20,1  CM&Largo:19,7  CM&Peso:0  GR;;;
;Auriculares aiwa bt aw-ap6bt-bk deportivo negro (ch);182000;1;0;;;;;ELAW-AP6BTBK-RT;;AIWA;;;;3,00;3,00;3,00;0,15;0;;;;;;;;;;;;;;;;;http://181.40.23.235:8199/files/imagenes/productos/ELAW-AP6BTBK-RT.jpg;;;Marca:AIWA&Producto:HEADPHONES&Segmento:TV/AUDIO/VIDEO&Vendedor:Sara Comercial&Ancho:3  CM&Alto:10  CM&Largo:20  CM&Peso:150  GR;;;
;Auriculares aiwa elawk11bk-rt bluetooth negros (ch);197000;1;0;;;;;ELAWK11BK-RT;;AIWA;;;;5,20;5,20;5,20;0,63;0;;;;;;;;;;;;;;;;;http://181.40.23.235:8199/files/imagenes/productos/ELAWK11BK-RT.jpg;;;Marca:AIWA&Producto:HEADPHONES&Segmento:TV/AUDIO/VIDEO&Vendedor:Sara Comercial&Ancho:5,2  CM&Alto:19,4  CM&Largo:25  CM&Peso:153  GR;;;
;Autoradio aiwa aw-dd21bt usb/aux in/bt/sd pantalla 6,2 2din-dvd c/control;992000;1;0;;;;;ELAWDD21BT-RT;;AIWA;;;;26,00;26,00;26,00;2,93;0;;;;;;;;;;;;;;;;;http://181.40.23.235:8199/files/imagenes/productos/ELAWDD21BT-RT.jpg;;;Marca:AIWA&Producto:AUTORADIOS&Segmento:ELECTRODOMESTICOS&Vendedor:Sara Comercial&Ancho:26  CM&Alto:17  CM&Largo:26,5  CM&Peso:2250  GR;;;
;Autoradio aiwa aw-3298bt bt/usb/aux in/sd/fm/am desmontable c/control;405000;1;0;;;;;ELAW3298BT-RT;;AIWA;;;;24,50;24,50;24,50;0,96;0;;;;;;;;;;;;;;;;;http://181.40.23.235:8199/files/imagenes/productos/ELAW3298BT-RT.jpg;;;Marca:AIWA&Producto:AUTORADIOS&Segmento:ELECTRODOMESTICOS&Vendedor:Sara Comercial&Ancho:24,5  CM&Alto:8  CM&Largo:19,5  CM&Peso:750  GR;;;
;Barbero philips qt4005/15 cuchillas inox 45m/10h carga 20 pos long 100-240v;247000;1;0;;;;;EDPCPCQT400515;;PHILIPS;;;;14,00;14,00;14,00;0,55;0;;;;;;;;;;;;;;;;;http://181.40.23.235:8199/files/imagenes/productos/EDPCPCQT400515.jpg;;;Marca:PHILIPS&Producto:CORTAPELOS&Segmento:CUIDADO PERSONAL&Vendedor:Sara Comercial&Ancho:14  CM&Alto:22,4  CM&Largo:7  CM&Peso:330  GR;;;
;Barra de sonido aiwa aw-sbr2w para tv c/subwoofer 60w bt hdmi;794000;1;0;;;;;ELAWSBR2W-RT;;AIWA;;;;17,00;17,00;17,00;12,94;0;;;;;;;;;;;;;;;;;http://181.40.23.235:8199/files/imagenes/productos/ELAWSBR2W-RT.jpg;;;Marca:AIWA&Producto:SOUND BAR&Segmento:TV/AUDIO/VIDEO&Vendedor:Sara Comercial&Ancho:17  CM&Alto:35  CM&Largo:87  CM&Peso:6246  GR;;;
;Batidora manual b+d mx1500w-cl 5v+tub mango confort c/acc 175w220v;113000;1;0;;;;;EDBBMMX1500WCL-RT;;BLACK & DECKER;;;;19,00;19,00;19,00;1,88;0;;;;;;;;;;;;;;;;;http://181.40.23.235:8199/files/imagenes/productos/EDBBMMX1500WCL-RT.jpg;;;Marca:BLACK & DECKER&Producto:BATIDORAS&Segmento:PEQUE�OS ELECTRODOMESTICOS&Vendedor:Sara Comercial&Ancho:19  CM&Alto:10  CM&Largo:21  CM&Peso:1880  GR;;;
;Batidora manual philips hr3700/00 blanca 3vl 200w 220v;243000;1;0;;;;;EDPBMHR370000-RT;;PHILIPS;;;;10,60;10,60;10,60;1,10;0;;;;;;;;;;;;;;;;;http://181.40.23.235:8199/files/imagenes/productos/EDPBMHR370000-RT.jpg;;;Marca:PHILIPS&Producto:BATIDORAS&Segmento:PEQUE�OS ELECTRODOMESTICOS&Vendedor:Sara Comercial&Ancho:10,6  CM&Alto:19,6  CM&Largo:21,2  CM&Peso:1071  GR;;;
;Batidora manual philips hr3705/00 5 vel+tur 2 acc blanco 300w 220v;258000;1;0;;;;;EDPBMHR370500-RT;;PHILIPS;;;;21,00;21,00;21,00;1,23;0;;;;;;;;;;;;;;;;;http://181.40.23.235:8199/files/imagenes/productos/EDPBMHR370500-RT.jpg;;;Marca:PHILIPS&Producto:BATIDORAS&Segmento:PEQUE�OS ELECTRODOMESTICOS&Vendedor:Sara Comercial&Ancho:21  CM&Alto:19,4  CM&Largo:10,5  CM&Peso:1230  GR;;;
;Batidora manual philips hr3705/10 5 vel+tur 2 acc negro 300w 220v;271000;1;0;;;;;EDPBMHR370510-RT;;PHILIPS;;;;8,40;8,40;8,40;0,85;0;;;;;;;;;;;;;;;;;http://181.40.23.235:8199/files/imagenes/productos/EDPBMHR370510-RT.jpg;;;Marca:PHILIPS&Producto:BATIDORAS&Segmento:PEQUE�OS ELECTRODOMESTICOS&Vendedor:Sara Comercial&Ancho:8,4  CM&Alto:15,4  CM&Largo:18,6  CM&Peso:852  GR;;;
;Bordeadora ducati dgt2600;860000;1;0;;;;;GFDUDGT2600;;DUCATI;;;;29,00;29,00;29,00;26,68;0;;;;;;;;;;;;;;;;;http://181.40.23.235:8199/files/imagenes/productos/GFDUDGT2600.jpg;;;Marca:DUCATI&Producto:CUIDADO Y LIMPIEZA&Segmento:CAMPO Y JARDIN&Vendedor:Sara Comercial&Ancho:29  CM&Alto:20  CM&Largo:184  CM&Peso:5800  GR;;;
;Cable carga micro usb aiwa aw-p17121-bk negro;25000;1;0;;;;;ELAWP17121BK-RT;;AIWA;;;;7,50;7,50;7,50;0,07;0;;;;;;;;;;;;;;;;;http://181.40.23.235:8199/files/imagenes/productos/ELAWP17121BK-RT.jpg;;;Marca:AIWA&Producto:CABLES CARGADORES&Segmento:PEQUE�OS ELECTRODOMESTICOS&Vendedor:Sara Comercial&Ancho:7,5  CM&Alto:18  CM&Largo:2  CM&Peso:66  GR;;;
;Cable carga usb aiwa aw-p17151-bk tipo c negro a/m;35000;1;0;;;;;ELAWP17151BK-RT;;AIWA;;;;7,50;7,50;7,50;0,08;0;;;;;;;;;;;;;;;;;http://181.40.23.235:8199/files/imagenes/productos/ELAWP17151BK-RT.jpg;;;Marca:AIWA&Producto:CABLES CARGADORES&Segmento:PEQUE�OS ELECTRODOMESTICOS&Vendedor:Sara Comercial&Ancho:7,5  CM&Alto:18  CM&Largo:2  CM&Peso:75  GR;;;
;Cable carga usb aiwa aw-p18070-w iphone/ipad/ipod pvc blanco;67000;1;0;;;;;ELAWP18070W-RT;;AIWA;;;;7,50;7,50;7,50;0,07;0;;;;;;;;;;;;;;;;;http://181.40.23.235:8199/files/imagenes/productos/ELAWP18070W-RT.jpg;;;Marca:AIWA&Producto:CABLES CARGADORES&Segmento:PEQUE�OS ELECTRODOMESTICOS&Vendedor:Sara Comercial&Ancho:7,5  CM&Alto:18  CM&Largo:2,2  CM&Peso:67  GR;;;
;Cafetera b+d cm1105b-cl dig jar vid filt p/goteo 1/5l ind agua 1000w220v;196000;1;0;;;;;EDBCCM1105BCL-RT;;BLACK & DECKER;;;;23,11;23,11;23,11;5,51;0;;;;;;;;;;;;;;;;;http://181.40.23.235:8199/files/imagenes/productos/EDBCCM1105BCL-RT.jpg;;;Marca:BLACK & DECKER&Producto:CAFETERAS&Segmento:PEQUE�OS ELECTRODOMESTICOS&Vendedor:Sara Comercial&Ancho:23,11  CM&Alto:27,9  CM&Largo:34,2  CM&Peso:2300  GR;;;
;Cable carga usb aiwa aw-p17151-r tipo c rojo a/m;33000;1;0;;;;;ELAWP17151R-RT;;AIWA;;;;7,50;7,50;7,50;0,08;0;;;;;;;;;;;;;;;;;http://181.40.23.235:8199/files/imagenes/productos/ELAWP17151R-RT.jpg;;;Marca:AIWA&Producto:CABLES CARGADORES&Segmento:PEQUE�OS ELECTRODOMESTICOS&Vendedor:Sara Comercial&Ancho:7,5  CM&Alto:18  CM&Largo:2  CM&Peso:75  GR;;;
;Cable carga usb aiwa aw-p17221-bk tipo c negro 1.5 mts;27000;1;0;;;;;ELAWP17221BK-RT;;AIWA;;;;7,50;7,50;7,50;0,07;0;;;;;;;;;;;;;;;;;http://181.40.23.235:8199/files/imagenes/productos/ELAWP17221BK-RT.jpg;;;Marca:AIWA&Producto:CABLES CARGADORES&Segmento:PEQUE�OS ELECTRODOMESTICOS&Vendedor:Sara Comercial&Ancho:7,5  CM&Alto:18  CM&Largo:2  CM&Peso:70  GR;;;
;Cargador de auto aiwa aw-p2124-bk negro;65000;1;0;;;;;ELAWP2124B-RT;;AIWA;;;;4,50;4,50;4,50;0,19;0;;;;;;;;;;;;;;;;;http://181.40.23.235:8199/files/imagenes/productos/ELAWP2124B-RT.jpg;;;Marca:AIWA&Producto:CARGADOR ELECTRICO&Segmento:PEQUE�OS ELECTRODOMESTICOS&Vendedor:Sara Comercial&Ancho:4,5  CM&Alto:14  CM&Largo:12  CM&Peso:81  GR;;;
;Cargador de pared aiwa aw-p2223-w 2 puertos usb blanco;72000;1;0;;;;;ELAWP2223W-RT;;AIWA;;;;4,70;4,70;4,70;0,20;0;;;;;;;;;;;;;;;;;http://181.40.23.235:8199/files/imagenes/productos/ELAWP2223W-RT.jpg;;;Marca:AIWA&Producto:CARGADOR ELECTRICO&Segmento:PEQUE�OS ELECTRODOMESTICOS&Vendedor:Sara Comercial&Ancho:4,7  CM&Alto:14  CM&Largo:12  CM&Peso:130  GR;;;
;Cargador portatil aiwa aw-pbf110 celda litio 10000mah usbx2;126000;1;0;;;;;ELAWPBF110-RT;;AIWA;;;;32,50;32,50;32,50;2,05;0;;;;;;;;;;;;;;;;;http://181.40.23.235:8199/files/imagenes/productos/ELAWPBF110-RT.jpg;;;Marca:AIWA&Producto:CARGADOR ELECTRICO&Segmento:ELECTRODOMESTICOS&Vendedor:Sara Comercial&Ancho:32,5  CM&Alto:14  CM&Largo:18  CM&Peso:GR;;;
;Cargador portatil aiwa aw-pbf168w celda litio inalambrico 10000mah usbx2;184000;1;0;;;;;ELAWPBF168W-RT;;AIWA;;;;14,00;14,00;14,00;0,29;0;;;;;;;;;;;;;;;;;http://181.40.23.235:8199/files/imagenes/productos/ELAWPBF168W-RT.jpg;;;Marca:AIWA&Producto:CARGADOR ELECTRICO&Segmento:ELECTRODOMESTICOS&Vendedor:Sara Comercial&Ancho:14  CM&Alto:3,2  CM&Largo:18  CM&Peso:290  GR;;;
;Cargador portatil aiwa aw-pbf200 celda litio 20000mah usbx2;185000;1;0;;;;;ELAWPBF200-RT;;AIWA;;;;32,50;32,50;32,50;2,16;0;;;;;;;;;;;;;;;;;http://181.40.23.235:8199/files/imagenes/productos/ELAWPBF200-RT.jpg;;;Marca:AIWA&Producto:CARGADOR ELECTRICO&Segmento:ELECTRODOMESTICOS&Vendedor:Sara Comercial&Ancho:32,5  CM&Alto:19  CM&Largo:14  CM&Peso:450  GR;;;
;Centro de lavado mabe electrico 15 kgs blanco;6541000;1;0;;;;;EDMCL1540EEBBY0;;MABE;;;;68,00;68,00;68,00;255,57;0;;;;;;;;;;;;;;;;;http://181.40.23.235:8199/files/imagenes/productos/EDMCL1540EEBBY0.jpg;;;Marca:MABE&Producto:CUIDADO DE LA ROPA&Segmento:LAVADO/SECADO&Vendedor:Sara Comercial&Ancho:68  CM&Alto:192  CM&Largo:78,3  CM&Peso:0  GR;;;
;Cepillo alisador philips bhh880/00 ceramica turmalina 170 y 200�c;458000;1;0;;;;;EDPCPBHH88000-RT;;PHILIPS;;;;35,50;35,50;35,50;0,63;0;;;;;;;;;;;;;;;;;http://181.40.23.235:8199/files/imagenes/productos/EDPCPBHH88000-RT.jpg;;;Marca:PHILIPS&Producto:ALISADORES&Segmento:CUIDADO PERSONAL&Vendedor:Sara Comercial&Ancho:35,5  CM&Alto:12,1  CM&Largo:5,5  CM&Peso:633  GR;;;
;Condensador mabe mmt12 12000btu frio blanco;0;1;0;;;;;AAMMT12CDBWCCMS81;;MABE;;;;78,50;78,50;78,50;38,03;0;;;;;;;;;;;;;;;;;http://181.40.23.235:8199/files/imagenes/productos/AAMMT12CDBWCCMS81.jpg;;;Marca:MABE&Producto:AIRES SPLITS PARED&Segmento:CLIMATIZACION&Vendedor:Sara Comercial&Ancho:78,5  CM&Alto:34  CM&Largo:57  CM&Peso:28500  GR;;;
;Condensador mabe mmt18 18000btu frio blanco;0;1;0;;;;;AAMMT18CDBWCCMS81;;MABE;;;;97,00;97,00;97,00;36,00;0;;;;;;;;;;;;;;;;;http://181.40.23.235:8199/files/imagenes/productos/AAMMT18CDBWCCMS81.jpg;;;Marca:MABE&Producto:AIRES SPLITS PARED&Segmento:CLIMATIZACION&Vendedor:Sara Comercial&Ancho:97  CM&Alto:38  CM&Largo:30  CM&Peso:36000  GR;;;
;Condensador mabe mmt24 24000btu frio blanco;0;1;0;;;;;AAMMT24CDBWCCMS81;;MABE;;;;96,50;96,50;96,50;47,00;0;;;;;;;;;;;;;;;;;;;;Marca:MABE&Producto:AIRES SPLITS PARED&Segmento:CLIMATIZACION&Vendedor:Sara Comercial&Ancho:96,5  CM&Alto:37,5  CM&Largo:30  CM&Peso:47000  GR;;;
;Congelador horizontal mabe fmm200 1 tapa 200l blanco;1387000;1;0;;;;;CGMFMM200HSYBB4;;MABE;;;;77,00;77,00;77,00;92,85;0;;;;;;;;;;;;;;;;;http://181.40.23.235:8199/files/imagenes/productos/CGMFMM200HSYBB4.jpg;;;Marca:MABE&Producto:CONGELADORES HORIZONTALES&Segmento:REFRIGERACION&Vendedor:Sara Comercial&Ancho:77  CM&Alto:88,5  CM&Largo:54,5  CM&Peso:34000  GR;;;
;Congelador horizontal mabe fmm200 1 tapa 200l blanco;1387000;1;0;;;;;CGMFMM200HSYBB3;;MABE;;;;72,00;72,00;72,00;83,66;0;;;;;;;;;;;;;;;;;http://181.40.23.235:8199/files/imagenes/productos/CGMFMM200HSYBB3.jpg;;;Marca:MABE&Producto:CONGELADORES HORIZONTALES&Segmento:REFRIGERACION&Vendedor:Sara Comercial&Ancho:72  CM&Alto:84,5  CM&Largo:55  CM&Peso:0  GR;;;
;Congelador horizontal mabe fmm250 1 tapa 250l blanco;1944000;1;0;;;;;CGMFMM250HSYBB3;;MABE;;;;98,50;98,50;98,50;119,21;0;;;;;;;;;;;;;;;;;http://181.40.23.235:8199/files/imagenes/productos/CGMFMM250HSYBB3.jpg;;;Marca:MABE&Producto:CONGELADORES HORIZONTALES&Segmento:REFRIGERACION&Vendedor:Sara Comercial&Ancho:98,5  CM&Alto:88,5  CM&Largo:54,7  CM&Peso:42000  GR;;;
;Congelador horizontal mabe fmm350 1 tapa 350l blanco;2253000;1;0;;;;;CGMFMM350HSBSY0;;MABE;;;;110,00;110,00;110,00;173,12;0;;;;;;;;;;;;;;;;;http://181.40.23.235:8199/files/imagenes/productos/CGMFMM350HSBSY0.jpg;;;Marca:MABE&Producto:CONGELADORES HORIZONTALES&Segmento:REFRIGERACION&Vendedor:Sara Comercial&Ancho:110  CM&Alto:84,5  CM&Largo:74,5  CM&Peso:0  GR;;;
;Cortabarba philips bt3206/14 cuchillas inox 45m/10h 10 pos 1 acc 100-240v;263000;1;0;;;;;EDPCBT320614-RT;;PHILIPS;;;;14,00;14,00;14,00;0,55;0;;;;;;;;;;;;;;;;;http://181.40.23.235:8199/files/imagenes/productos/EDPCBT320614-RT.jpg;;;Marca:PHILIPS&Producto:CORTAPELOS&Segmento:CUIDADO PERSONAL&Vendedor:Sara Comercial&Ancho:14  CM&Alto:22,4  CM&Largo:7  CM&Peso:320  GR;;;
;Cortabarba philips bt3216/14 cuchillas inox 60m/1h 20 pos 1 acc 240v;384000;1;0;;;;;EDPCPBT321614-RT;;PHILIPS;;;;14,00;14,00;14,00;0,55;0;;;;;;;;;;;;;;;;;http://181.40.23.235:8199/files/imagenes/productos/EDPCPBT321614-RT.jpg;;;Marca:PHILIPS&Producto:CORTAPELOS&Segmento:CUIDADO PERSONAL&Vendedor:Sara Comercial&Ancho:14  CM&Alto:22,4  CM&Largo:7  CM&Peso:333  GR;;;
;Cortacesped ducati a transmision dlm5300 530;2450000;1;0;;;;;GFDUCTDLM32530;;DUCATI;;;;57,00;57,00;57,00;96,00;0;;;;;;;;;;;;;;;;;http://181.40.23.235:8199/files/imagenes/productos/GFDUCTDLM32530.jpg;;;Marca:DUCATI&Producto:CUIDADO Y LIMPIEZA&Segmento:CAMPO Y JARDIN&Vendedor:Sara Comercial&Ancho:57  CM&Alto:48  CM&Largo:93  CM&Peso:96000  GR;;;
;Cortabarba philips bt5502/15 cuchillas inox 40 posiciones bat 220v;465000;1;0;;;;;EDPCBT550215-RT;;PHILIPS;;;;14,00;14,00;14,00;0,55;0;;;;;;;;;;;;;;;;;http://181.40.23.235:8199/files/imagenes/productos/EDPCBT550215-RT.jpg;;;Marca:PHILIPS&Producto:CORTAPELOS&Segmento:CUIDADO PERSONAL&Vendedor:Sara Comercial&Ancho:14  CM&Alto:22,4  CM&Largo:7  CM&Peso:401  GR;;;
;Cortacesped ducati dlm5100t;1478000;1;0;;;;;GFDUCDLM5100T;;DUCATI;;;;56,00;56,00;56,00;37,81;0;;;;;;;;;;;;;;;;;http://181.40.23.235:8199/files/imagenes/productos/GFDUCDLM5100T.jpg;;;Marca:DUCATI&Producto:CUIDADO Y LIMPIEZA&Segmento:CAMPO Y JARDIN&Vendedor:Sara Comercial&Ancho:56  CM&Alto:37  CM&Largo:73  CM&Peso:27500  GR;;;
;Cortabarba philips bt7201/15 sistema de aspiracion cuchilla inox bat 220v;610000;1;0;;;;;EDPCBT720115-RT;;PHILIPS;;;;14,00;14,00;14,00;0,60;0;;;;;;;;;;;;;;;;;http://181.40.23.235:8199/files/imagenes/productos/EDPCBT720115-RT.jpg;;;Marca:PHILIPS&Producto:CORTAPELOS&Segmento:CUIDADO PERSONAL&Vendedor:Sara Comercial&Ancho:14  CM&Alto:24,5  CM&Largo:7  CM&Peso:391  GR;;;
;Cortapelo facial philips nt3160/10 lavable 3 posiciones 2 acc funda pila aa;164000;1;0;;;;;EDPCNT316010-RT;;PHILIPS;;;;10,00;10,00;10,00;0,22;0;;;;;;;;;;;;;;;;;http://181.40.23.235:8199/files/imagenes/productos/EDPCNT316010-RT.jpg;;;Marca:PHILIPS&Producto:CORTAPELOS&Segmento:CUIDADO PERSONAL&Vendedor:Sara Comercial&Ancho:10  CM&Alto:21  CM&Largo:4,1  CM&Peso:165  GR;;;
;Cortapelo philips hc3520/15 series 3000 13 pos inox 240v;298000;1;0;;;;;EDPCHC352015;;PHILIPS;;;;14,00;14,00;14,00;0,55;0;;;;;;;;;;;;;;;;;http://181.40.23.235:8199/files/imagenes/productos/EDPCHC352015.jpg;;;Marca:PHILIPS&Producto:CORTAPELOS&Segmento:CUIDADO PERSONAL&Vendedor:Sara Comercial&Ancho:14  CM&Alto:22,4  CM&Largo:7  CM&Peso:392  GR;;;
;Cortapelo philips hc3505/15 series 3000 13 pos inox uso con cable 240v;192000;1;0;;;;;EDPCHC350515;;PHILIPS;;;;14,00;14,00;14,00;0,55;0;;;;;;;;;;;;;;;;;http://181.40.23.235:8199/files/imagenes/productos/EDPCHC350515.jpg;;;Marca:PHILIPS&Producto:CORTAPELOS&Segmento:CUIDADO PERSONAL&Vendedor:Sara Comercial&Ancho:14  CM&Alto:22,4  CM&Largo:7  CM&Peso:351  GR;;;
;Cuchilla reemplazable oneblade mod qp210 pack de 1;0;1;0;;;;;QP2510001;;PHILIPS;;;;10,00;10,00;10,00;0,06;0;;;;;;;;;;;;;;;;;http://181.40.23.235:8199/files/imagenes/productos/QP2510/001.jpg;;;Marca:PHILIPS&Producto:AFEITADORAS&Segmento:CUIDADO PERSONAL&Vendedor:Sara Comercial&Ancho:10  CM&Alto:11  CM&Largo:2,2  CM&Peso:20  GR;;;
;Cuchillo electrico b+d ek500w-cl cuc inox bot c/seg mango comfort 100w220v;115000;1;0;;;;;EDBCEEK500WCL-RT;;BLACK & DECKER;;;;9,00;9,00;9,00;0,70;0;;;;;;;;;;;;;;;;;http://181.40.23.235:8199/files/imagenes/productos/EDBCEEK500WCL-RT.jpg;;;Marca:BLACK & DECKER&Producto:CUCHILLOS ELECTRICOS&Segmento:PEQUE�OS ELECTRODOMESTICOS&Vendedor:Sara Comercial&Ancho:9  CM&Alto:7  CM&Largo:30  CM&Peso:700  GR;;;
;Depiladora philips bre255/00 opti-light 3 acc piernas 2vl cable 220v;439000;1;0;;;;;EDPCBRE25500-RT;;PHILIPS;;;;17,80;17,80;17,80;0,49;0;;;;;;;;;;;;;;;;;http://181.40.23.235:8199/files/imagenes/productos/EDPCBRE25500-RT.jpg;;;Marca:PHILIPS&Producto:DEPILADORAS&Segmento:CUIDADO PERSONAL&Vendedor:Sara Comercial&Ancho:17,8  CM&Alto:18,5  CM&Largo:6  CM&Peso:305  GR;;;
;Depiladora philips bre605/00 sistema de pinzas ceramic 40m/1h carga 2 vel 15v;612000;1;0;;;;;EDPCPDBRE60500-RT;;PHILIPS;;;;15,60;15,60;15,60;2,17;0;;;;;;;;;;;;;;;;;http://181.40.23.235:8199/files/imagenes/productos/EDPCPDBRE60500-RT.jpg;;;Marca:PHILIPS&Producto:DEPILADORAS&Segmento:CUIDADO PERSONAL&Vendedor:Sara Comercial&Ancho:15,6  CM&Alto:20  CM&Largo:27,8  CM&Peso:457  GR;;;
;Depiladora philips bre620/00 sistema de pinzas 40m/1h carga 2 vel 3 acc 15v;678000;1;0;;;;;EDPCPDBRE62000-RT;;PHILIPS;;;;14,80;14,80;14,80;0,47;0;;;;;;;;;;;;;;;;;http://181.40.23.235:8199/files/imagenes/productos/EDPCPDBRE62000-RT.jpg;;;Marca:PHILIPS&Producto:DEPILADORAS&Segmento:CUIDADO PERSONAL&Vendedor:Sara Comercial&Ancho:14,8  CM&Alto:18,5  CM&Largo:6,5  CM&Peso:469  GR;;;
;Depiladora philips bre632/00 p/todo cuerpo 5 acc discos ceramicos 2vl 220v;921000;1;0;;;;;EDPCBRE63200-RT;;PHILIPS;;;;14,80;14,80;14,80;0,47;0;;;;;;;;;;;;;;;;;http://181.40.23.235:8199/files/imagenes/productos/EDPCBRE63200-RT.jpg;;;Marca:PHILIPS&Producto:DEPILADORAS&Segmento:CUIDADO PERSONAL&Vendedor:Sara Comercial&Ancho:14,8  CM&Alto:18,5  CM&Largo:6,5  CM&Peso:465  GR;;;
;Depiladora philips bre285/00 opti-light 7 acc piernas 2vl cable 220v;597000;1;0;;;;;EDPCBRE28500-RT;;PHILIPS;;;;17,80;17,80;17,80;0,49;0;;;;;;;;;;;;;;;;;http://181.40.23.235:8199/files/imagenes/productos/EDPCBRE28500-RT.jpg;;;Marca:PHILIPS&Producto:DEPILADORAS&Segmento:CUIDADO PERSONAL&Vendedor:Sara Comercial&Ancho:17,8  CM&Alto:18,5  CM&Largo:6  CM&Peso:361  GR;;;
;Depiladora philips bri920/00 lumea advanced luz pulsada 2acc 240v;3443000;1;0;;;;;EDPCBRI92000-RT;;PHILIPS;;;;26,60;26,60;26,60;1,52;0;;;;;;;;;;;;;;;;;http://181.40.23.235:8199/files/imagenes/productos/EDPCBRI92000-RT.jpg;;;Marca:PHILIPS&Producto:DEPILADORAS&Segmento:CUIDADO PERSONAL&Vendedor:Sara Comercial&Ancho:26,6  CM&Alto:19  CM&Largo:12  CM&Peso:1046  GR;;;
;Depiladora philips bri922/00 lumea advanced luz pulsada 2acc 240v;3676000;1;0;;;;;EDPCDBRI92200-RT;;PHILIPS;;;;26,60;26,60;26,60;1,52;0;;;;;;;;;;;;;;;;;http://181.40.23.235:8199/files/imagenes/productos/EDPCDBRI92200-RT.jpg;;;Marca:PHILIPS&Producto:DEPILADORAS&Segmento:CUIDADO PERSONAL&Vendedor:Sara Comercial&Ancho:26,6  CM&Alto:19  CM&Largo:12  CM&Peso:1276  GR;;;
;Depiladora philips bri863/00 lumea essential luz pulsada uso c/cable cuerpo 240v;2548000;1;0;;;;;EDPCDBRI86300-RT;;PHILIPS;;;;24,00;24,00;24,00;0,92;0;;;;;;;;;;;;;;;;;http://181.40.23.235:8199/files/imagenes/productos/EDPCDBRI86300-RT.jpg;;;Marca:PHILIPS&Producto:DEPILADORAS&Segmento:CUIDADO PERSONAL&Vendedor:Sara Comercial&Ancho:24  CM&Alto:17,5  CM&Largo:8,8  CM&Peso:846  GR;;;
;Depiladora philips sc1997/00 lumea advanced luz pulsada 2acc 240v;2693000;1;0;;;;;EDPCPDSC199700-RT;;PHILIPS;;;;26,60;26,60;26,60;1,52;0;;;;;;;;;;;;;;;;;http://181.40.23.235:8199/files/imagenes/productos/EDPCPDSC199700-RT.jpg;;;Marca:PHILIPS&Producto:DEPILADORAS&Segmento:CUIDADO PERSONAL&Vendedor:Sara Comercial&Ancho:26,6  CM&Alto:19  CM&Largo:12  CM&Peso:1041  GR;;;
;Desmalezadora ducati dbc5200s;1488000;1;0;;;;;GFDUDBC5200S;;DUCATI;;;;31,00;31,00;31,00;43,36;0;;;;;;;;;;;;;;;;;http://181.40.23.235:8199/files/imagenes/productos/GFDUDBC5200S.jpg;;;Marca:DUCATI&Producto:CUIDADO Y LIMPIEZA&Segmento:CAMPO Y JARDIN&Vendedor:Sara Comercial&Ancho:31  CM&Alto:30  CM&Largo:186,5  CM&Peso:13800  GR;;;
;Depiladora philips bri950/00 lumea prestige luz pulsada 2acc 240v;3762000;1;0;;;;;EDPCPDBRI95000-RT;;PHILIPS;;;;26,50;26,50;26,50;1,76;0;;;;;;;;;;;;;;;;;http://181.40.23.235:8199/files/imagenes/productos/EDPCPDBRI95000-RT.jpg;;;Marca:PHILIPS&Producto:DEPILADORAS&Segmento:CUIDADO PERSONAL&Vendedor:Sara Comercial&Ancho:26,5  CM&Alto:19  CM&Largo:14  CM&Peso:1623  GR;;;
;Evaporador mabe mmt12 12000btu frio blanco;0;1;0;;;;;AAMMT12CDBWCCMS82;;MABE;;;;81,50;81,50;81,50;19,05;0;;;;;;;;;;;;;;;;;http://181.40.23.235:8199/files/imagenes/productos/AAMMT12CDBWCCMS81.jpg;;;Marca:MABE&Producto:AIRES SPLITS PARED&Segmento:CLIMATIZACION&Vendedor:Sara Comercial&Ancho:81,5  CM&Alto:27,5  CM&Largo:34  CM&Peso:10000  GR;;;
;Desmalezadora ducati dbc4000 pro;2126000;1;0;;;;;GFDUDBC4000PRO;;DUCATI;;;;30,00;30,00;30,00;41,45;0;;;;;;;;;;;;;;;;;http://181.40.23.235:8199/files/imagenes/productos/GFDUDBC4000PRO.jpg;;;Marca:DUCATI&Producto:CUIDADO Y LIMPIEZA&Segmento:CAMPO Y JARDIN&Vendedor:Sara Comercial&Ancho:30  CM&Alto:30  CM&Largo:184,2  CM&Peso:9200  GR;;;
;Enganche adaptador aperos tipo cgs;202000;1;0;;;;;GFDU011737CGS;;DUCATI;;;;0,00;0,00;0,00;0,00;0;;;;;;;;;;;;;;;;;http://181.40.23.235:8199/files/imagenes/productos/GFDU011737CGS.jpg;;;Marca:DUCATI&Producto:PREPARACION DE SUELO&Segmento:CAMPO Y JARDIN&Vendedor:Sara Comercial&Ancho:0  CM&Alto:0  CM&Largo:0  CM&Peso:0  GR;;;
;Evaporador mabe mmt18 18000btu frio blanco;0;1;0;;;;;AAMMT18CDBWCCMS82;;MABE;;;;92,50;92,50;92,50;54,11;0;;;;;;;;;;;;;;;;;http://181.40.23.235:8199/files/imagenes/productos/AAMMT18CDBWCCMS81.jpg;;;Marca:MABE&Producto:AIRES SPLITS PARED&Segmento:CLIMATIZACION&Vendedor:Sara Comercial&Ancho:92,5  CM&Alto:39  CM&Largo:60  CM&Peso:15000  GR;;;
;Freidora philips hd9216/81 s/aceite frie/hornea/tuesta timer temp man 1425w220v;1346000;1;0;;;;;EDPFHD921681-RT;;PHILIPS;;;;35,00;35,00;35,00;11,58;0;;;;;;;;;;;;;;;;;http://181.40.23.235:8199/files/imagenes/productos/EDPFHD921681-RT.jpg;;;Marca:PHILIPS&Producto:FREIDORAS&Segmento:PEQUE�OS ELECTRODOMESTICOS&Vendedor:Sara Comercial&Ancho:35  CM&Alto:37,8  CM&Largo:35  CM&Peso:7262  GR;;;
;Evaporador mabe mmt24 24000btu frio blanco;0;1;0;;;;;AAMMT24CDBWCCMS82;;MABE;;;;94,00;94,00;94,00;72,25;0;;;;;;;;;;;;;;;;;http://181.40.23.235:8199/files/imagenes/productos/AAMMT24CDBWCCMS81.jpg;;;Marca:MABE&Producto:AIRES SPLITS PARED&Segmento:CLIMATIZACION&Vendedor:Sara Comercial&Ancho:94  CM&Alto:43  CM&Largo:71,5  CM&Peso:17000  GR;;;
;Frigobar mabe rmc090nesy0 2 puertas 90l silver;911000;1;0;;;;;HEMRMC090NESY0;;MABE;;;;47,00;47,00;47,00;48,39;0;;;;;;;;;;;;;;;;;http://181.40.23.235:8199/files/imagenes/productos/HEMRMC090NESY0.jpg;;;Marca:MABE&Producto:HELADERAS FRIO HUMEDO&Segmento:REFRIGERACION&Vendedor:Sara Comercial&Ancho:47  CM&Alto:83,7  CM&Largo:49,2  CM&Peso:0  GR;;;
;Frigobar mabe rmf04hv1 1 puerta 110l negro;911000;1;0;;;;;HEMRMF04HV1;;MABE;;;;47,00;47,00;47,00;44,44;0;;;;;;;;;;;;;;;;;http://181.40.23.235:8199/files/imagenes/productos/HEMRMF04HV1.jpg;;;Marca:MABE&Producto:HELADERAS FRIO HUMEDO&Segmento:REFRIGERACION&Vendedor:Sara Comercial&Ancho:47  CM&Alto:85  CM&Largo:44,5  CM&Peso:0  GR;;;
;Generador ducati dgr3200;2207000;1;0;;;;;GFDUDGR3200;;DUCATI;;;;50,00;50,00;50,00;45,00;0;;;;;;;;;;;;;;;;;http://181.40.23.235:8199/files/imagenes/productos/GFDUDGR3200.jpg;;;Marca:DUCATI&Producto:GENERADORES&Segmento:MAQUINARIAS&Vendedor:Sara Comercial&Ancho:50  CM&Alto:50  CM&Largo:62,5  CM&Peso:45000  GR;;;
;Generador ducati dgr5500;3645000;1;0;;;;;GFDUDGR5500;;DUCATI;;;;58,50;58,50;58,50;78,00;0;;;;;;;;;;;;;;;;;http://181.40.23.235:8199/files/imagenes/productos/GFDUDGR5500.jpg;;;Marca:DUCATI&Producto:GENERADORES&Segmento:MAQUINARIAS&Vendedor:Sara Comercial&Ancho:58,5  CM&Alto:59  CM&Largo:72,5  CM&Peso:78000  GR;;;
;Generador ducati dgr8000e;4658000;1;0;;;;;GFDUDGR8000E;;DUCATI;;;;58,50;58,50;58,50;100,00;0;;;;;;;;;;;;;;;;;http://181.40.23.235:8199/files/imagenes/productos/GFDUDGR8000E.jpg;;;Marca:DUCATI&Producto:GENERADORES&Segmento:MAQUINARIAS&Vendedor:Sara Comercial&Ancho:58,5  CM&Alto:59  CM&Largo:72,5  CM&Peso:100000  GR;;;
;Heladera mabe hme350bl frio/humedo 350l 2 puertas blanca;1944000;1;0;;;;;HEMHME350BL;;MABE;;;;58,50;58,50;58,50;181,91;0;;;;;;;;;;;;;;;;;http://181.40.23.235:8199/files/imagenes/productos/HEMHME350BL.jpg;;;Marca:MABE&Producto:HELADERAS FRIO HUMEDO&Segmento:REFRIGERACION&Vendedor:Sara Comercial&Ancho:58,5  CM&Alto:169  CM&Largo:73,6  CM&Peso:49200  GR;;;
;Heladera mabe rmc215 frio/humedo 2 puertas 200l blanca;1625000;1;0;;;;;HEMRMC215PURB0;;MABE;;;;58,00;58,00;58,00;122,95;0;;;;;;;;;;;;;;;;;http://181.40.23.235:8199/files/imagenes/productos/HEMRMC215PURB0.jpg;;;Marca:MABE&Producto:HELADERAS FRIO HUMEDO&Segmento:REFRIGERACION&Vendedor:Sara Comercial&Ancho:58  CM&Alto:146,2  CM&Largo:58  CM&Peso:45000  GR;;;
;Heladera mabe rmc215 frio/humedo 2 puertas 200l plata oscuro;1665000;1;0;;;;;HEMRMC215PURR0;;MABE;;;;58,00;58,00;58,00;122,95;0;;;;;;;;;;;;;;;;;http://181.40.23.235:8199/files/imagenes/productos/HEMRMC215PURR0.jpg;;;Marca:MABE&Producto:HELADERAS FRIO HUMEDO&Segmento:REFRIGERACION&Vendedor:Sara Comercial&Ancho:58  CM&Alto:146,2  CM&Largo:58  CM&Peso:45000  GR;;;
;Heladera mabe rmc390 frio/humedo 390l 2 puertas c/disp plata;3524000;1;0;;;;;HEMRMC390FAME;;MABE;;;;79,60;79,60;79,60;250,79;0;;;;;;;;;;;;;;;;;http://181.40.23.235:8199/files/imagenes/productos/HEMRMC390FAME.jpg;;;Marca:MABE&Producto:HELADERAS FRIO HUMEDO&Segmento:REFRIGERACION&Vendedor:Sara Comercial&Ancho:79,6  CM&Alto:178  CM&Largo:70,8  CM&Peso:58000  GR;;;
;Hervidora b+d  mod. ke22591-cl 1.7l 2400w;168000;1;0;;;;;EDBDKE22591CL;;BLACK & DECKER;;;;1,00;1,00;1,00;0,00;0;;;;;;;;;;;;;;;;;http://181.40.23.235:8199/files/imagenes/productos/EDBDKE22591CL.jpg;;;Marca:BLACK & DECKER&Producto:JARRAS ELECTRICAS&Segmento:PEQUE�OS ELECTRODOMESTICOS&Vendedor:Sara Comercial&Ancho:1  CM&Alto:1  CM&Largo:1  CM&Peso:GR;;;
;Hervidora b+d ke21441-cl 1.7l con filtro 2000w 220v;105000;1;0;;;;;EDBJKE21441CL-RT;;BLACK & DECKER;;;;20,00;20,00;20,00;1,60;0;;;;;;;;;;;;;;;;;http://181.40.23.235:8199/files/imagenes/productos/EDBJKE21441CL-RT.jpg;;;Marca:BLACK & DECKER&Producto:JARRAS ELECTRICAS&Segmento:PEQUE�OS ELECTRODOMESTICOS&Vendedor:Sara Comercial&Ancho:20  CM&Alto:22,8  CM&Largo:14  CM&Peso:920  GR;;;
;Hervidora black&decker ke002w-ar fun mate tem var 1/7l ind niv agua 2000w220v;264000;1;0;;;;;EDBDJKE002WAR;;BLACK & DECKER;;;;22,40;22,40;22,40;1,96;0;;;;;;;;;;;;;;;;;http://181.40.23.235:8199/files/imagenes/productos/EDBDJKE002WAR.jpg;;;Marca:BLACK & DECKER&Producto:JARRAS ELECTRICAS&Segmento:PEQUE�OS ELECTRODOMESTICOS&Vendedor:Sara Comercial&Ancho:22,4  CM&Alto:17  CM&Largo:20,6  CM&Peso:883  GR;;;
;Hervidora black&decker ke003s-ar inox dig 1/7l indi niv agua filt 2400w220v;371000;1;0;;;;;EDBDJKE003SAR;;BLACK & DECKER;;;;24,70;24,70;24,70;2,67;0;;;;;;;;;;;;;;;;;http://181.40.23.235:8199/files/imagenes/productos/EDBDJKE003SAR.jpg;;;Marca:BLACK & DECKER&Producto:JARRAS ELECTRICAS&Segmento:PEQUE�OS ELECTRODOMESTICOS&Vendedor:Sara Comercial&Ancho:24,7  CM&Alto:18,9  CM&Largo:22,9  CM&Peso:1780  GR;;;
;Hervidora electrica philips hd9350/90 inox 1.7l 1850w 220v;315000;1;0;;;;;EDPJHD935090-RT;;PHILIPS;;;;22,60;22,60;22,60;2,68;0;;;;;;;;;;;;;;;;;http://181.40.23.235:8199/files/imagenes/productos/EDPJHD935090-RT.jpg;;;Marca:PHILIPS&Producto:JARRAS ELECTRICAS&Segmento:PEQUE�OS ELECTRODOMESTICOS&Vendedor:Sara Comercial&Ancho:22,6  CM&Alto:24,2  CM&Largo:19,6  CM&Peso:1480  GR;;;
;Hervidora philips hd9306/21 1/5l ind niv agua fil p/sarro inox 1800w220v;231000;1;0;;;;;EDPHD930621-RT;;PHILIPS;;;;18,70;18,70;18,70;2,02;0;;;;;;;;;;;;;;;;;http://181.40.23.235:8199/files/imagenes/productos/EDPHD930621-RT.jpg;;;Marca:PHILIPS&Producto:JARRAS ELECTRICAS&Segmento:PEQUE�OS ELECTRODOMESTICOS&Vendedor:Sara Comercial&Ancho:18,7  CM&Alto:23,1  CM&Largo:18,7  CM&Peso:1050  GR;;;
;Hervidora philips hd9351/90 1/7l ind niv agua fil p/sarro inox 2200w220v;361000;1;0;;;;;EDPJHD935190-RT;;PHILIPS;;;;22,80;22,80;22,80;2,84;0;;;;;;;;;;;;;;;;;http://181.40.23.235:8199/files/imagenes/productos/EDPJHD935190-RT.jpg;;;Marca:PHILIPS&Producto:JARRAS ELECTRICAS&Segmento:PEQUE�OS ELECTRODOMESTICOS&Vendedor:Sara Comercial&Ancho:22,8  CM&Alto:25,2  CM&Largo:19,8  CM&Peso:1480  GR;;;
;Hidrolavadora ducati dpw1800;1012000;1;0;;;;;GFDUHDPW1800;;DUCATI;;;;27,80;27,80;27,80;16,35;0;;;;;;;;;;;;;;;;;http://181.40.23.235:8199/files/imagenes/productos/GFDUHDPW1800.jpg;;;Marca:DUCATI&Producto:HIDROLAVADORAS&Segmento:PEQUE�OS ELECTRODOMESTICOS&Vendedor:Sara Comercial&Ancho:27,8  CM&Alto:69  CM&Largo:34,1  CM&Peso:13000  GR;;;
;Horno de conveccion electrico b+d to3210ssd-cl 26l 1500w;457000;1;0;;;;;EDBDTO3210SSDCL-RT;;BLACK & DECKER;;;;1,00;1,00;1,00;0,00;0;;;;;;;;;;;;;;;;;http://181.40.23.235:8199/files/imagenes/productos/EDBDTO3210SSDCL-RT.jpg;;;Marca:BLACK & DECKER&Producto:HORNOS DE MESA&Segmento:COCCION&Vendedor:Sara Comercial&Ancho:1  CM&Alto:1  CM&Largo:1  CM&Peso:GR;;;
;Juguera philips hr1811/70 dep/pulpa 1/5l jar p/zum 500ml 1vel 400w220v;0;1;0;;;;;EDPHEXJHR181170;;PHILIPS;;;;47,00;47,00;47,00;9,00;0;;;;;;;;;;;;;;;;;http://181.40.23.235:8199/files/imagenes/productos/EDPHEXJHR1811/70.jpg;;;Marca:PHILIPS&Producto:JUGUERAS&Segmento:PEQUE�OS ELECTRODOMESTICOS&Vendedor:Sara Comercial&Ancho:47  CM&Alto:33  CM&Largo:23,2  CM&Peso:GR;;;
;Juguera philips hr-1854/04 dep p/pulpa 1500ml jarra p/zumo 700ml 2vel 550w 220v;590000;1;0;;;;;EDPHEXJHR185404;;PHILIPS;;;;37,60;37,60;37,60;10,40;0;;;;;;;;;;;;;;;;;http://181.40.23.235:8199/files/imagenes/productos/EDPHEXJHR185404.jpg;;;Marca:PHILIPS&Producto:JUGUERAS&Segmento:PEQUE�OS ELECTRODOMESTICOS&Vendedor:Sara Comercial&Ancho:37,6  CM&Alto:41,6  CM&Largo:26,6  CM&Peso:3890  GR;;;
;Juguera philips hr1854/04 dep p/pulpa 1500ml jarra p/zumo 700ml 2vel 550w 220v;590000;1;0;;;;;EDPEXJHR185404;;PHILIPS;;;;37,60;37,60;37,60;10,40;0;;;;;;;;;;;;;;;;;http://181.40.23.235:8199/files/imagenes/productos/EDPEXJHR185404.jpg;;;Marca:PHILIPS&Producto:JUGUERAS&Segmento:PEQUE�OS ELECTRODOMESTICOS&Vendedor:Sara Comercial&Ancho:37,6  CM&Alto:41,6  CM&Largo:26,6  CM&Peso:5130  GR;;;
;Juguera philips hr1855/72 dep/pulpa 2l jar zumo 800ml 1v boca xl 700w220v;761000;1;0;;;;;EDPHEXJHR185572;;PHILIPS;;;;25,50;25,50;25,50;7,43;0;;;;;;;;;;;;;;;;;http://181.40.23.235:8199/files/imagenes/productos/EDPHEXJHR185572.jpg;;;Marca:PHILIPS&Producto:JUGUERAS&Segmento:PEQUE�OS ELECTRODOMESTICOS&Vendedor:Sara Comercial&Ancho:25,5  CM&Alto:45,7  CM&Largo:25,5  CM&Peso:4189  GR;;;
;Juguera philips hr-1863/20 dep/pulpa 1/2l jar p/zum 800ml boc 75mm 1vel 700w220v;810000;1;0;;;;;EDPEXJHR186320;;PHILIPS;;;;25,50;25,50;25,50;7,43;0;;;;;;;;;;;;;;;;;http://181.40.23.235:8199/files/imagenes/productos/EDPEXJHR186320.jpg;;;Marca:PHILIPS&Producto:JUGUERAS&Segmento:PEQUE�OS ELECTRODOMESTICOS&Vendedor:Sara Comercial&Ancho:25,5  CM&Alto:45,7  CM&Largo:25,5  CM&Peso:4189  GR;;;
;Juguera philips hr1922/20 boca xxl deposito 1l  2v 1000w220v;1681000;1;0;;;;;EDPHEXJHR192220-RT;;PHILIPS;;;;27,00;27,00;27,00;3,59;0;;;;;;;;;;;;;;;;;http://181.40.23.235:8199/files/imagenes/productos/EDPHEXJHR192220-RT.jpg;;;Marca:PHILIPS&Producto:JUGUERAS&Segmento:PEQUE�OS ELECTRODOMESTICOS&Vendedor:Sara Comercial&Ancho:27  CM&Alto:38  CM&Largo:14  CM&Peso:2074  GR;;;
;Kit jardin ducati dbc3300m;1772000;1;0;;;;;GFDUDBC3300M;;DUCATI;;;;28,00;28,00;28,00;23,10;0;;;;;;;;;;;;;;;;;http://181.40.23.235:8199/files/imagenes/productos/GFDUDBC3300M.jpg;;;Marca:DUCATI&Producto:CUIDADO Y LIMPIEZA&Segmento:CAMPO Y JARDIN&Vendedor:Sara Comercial&Ancho:28  CM&Alto:29,2  CM&Largo:113  CM&Peso:11500  GR;;;
;Lavarropa automatico mabe lma79115 19kg carga superior blanco;3240000;1;0;;;;;EDMLMA79115CBCS;;MABE;;;;73,32;73,32;73,32;156,72;0;;;;;;;;;;;;;;;;;http://181.40.23.235:8199/files/imagenes/productos/EDMLMA79115CBCS.JPG;;;Marca:MABE&Producto:LAVARROPAS SUPERAUTOMATICO&Segmento:LAVADO/SECADO&Vendedor:Sara Comercial&Ancho:73,32  CM&Alto:118,11  CM&Largo:72,39  CM&Peso:54300  GR;;;
;Lavarropa automatico mabe wma79112 19kg carga superior blanco;3038000;1;0;;;;;EDMWMA79112CBCS0;;MABE;;;;73,32;73,32;73,32;156,72;0;;;;;;;;;;;;;;;;;http://181.40.23.235:8199/files/imagenes/productos/EDMWMA79112CBCS0.jpg;;;Marca:MABE&Producto:LAVARROPAS SUPERAUTOMATICO&Segmento:LAVADO/SECADO&Vendedor:Sara Comercial&Ancho:73,32  CM&Alto:118,11  CM&Largo:72,39  CM&Peso:54300  GR;;;
;Lavarropas automatico mabe lma8020 8kgs carga superior blanco;1620000;1;0;;;;;EDMLMA8020WBCL0-RT;;MABE;;;;52,00;52,00;52,00;59,67;0;;;;;;;;;;;;;;;;;http://181.40.23.235:8199/files/imagenes/productos/EDMLMA8020WBCL0-RT.jpg;;;Marca:MABE&Producto:LAVARROPAS SUPERAUTOMATICO&Segmento:LAVADO/SECADO&Vendedor:Sara Comercial&Ancho:52  CM&Alto:91,8  CM&Largo:50  CM&Peso:GR;;;
;Lavarropas automatico mabe 10.2kgs carga frontal blanco;2815000;1;0;;;;;EDMLMC1086XBBY-RT;;MABE;;;;65,00;65,00;65,00;100,51;0;;;;;;;;;;;;;;;;;http://181.40.23.235:8199/files/imagenes/productos/EDMLMC1086XBBY-RT.jpg;;;Marca:MABE&Producto:LAVARROPAS SUPERAUTOMATICO&Segmento:LAVADO/SECADO&Vendedor:Sara Comercial&Ancho:65  CM&Alto:89  CM&Largo:69,5  CM&Peso:0  GR;;;
;Lavarropas automatico mabe 20kgs mod lmh70203s carga superior blanco;3544000;1;0;;;;;EDMLMH70203SBCS;;MABE;;;;68,00;68,00;68,00;128,66;0;;;;;;;;;;;;;;;;;http://181.40.23.235:8199/files/imagenes/productos/EDMLMH70203SBCS.jpg;;;Marca:MABE&Producto:LAVARROPAS SUPERAUTOMATICO&Segmento:LAVADO/SECADO&Vendedor:Sara Comercial&Ancho:68  CM&Alto:111,63  CM&Largo:67,8  CM&Peso:0  GR;;;
;Lavarropas automatico mabe 6kgs carga frontal blanco;1822000;1;0;;;;;EDMLMC0686XBBY-RT;;MABE;;;;64,00;64,00;64,00;75,47;0;;;;;;;;;;;;;;;;;http://181.40.23.235:8199/files/imagenes/productos/EDMLMC0686XBBY-RT.jpg;;;Marca:MABE&Producto:LAVARROPAS SUPERAUTOMATICO&Segmento:LAVADO/SECADO&Vendedor:Sara Comercial&Ancho:64  CM&Alto:89  CM&Largo:53  CM&Peso:0  GR;;;
;Lavarropas automatico mabe 8kgs carga frontal blanco;2408000;1;0;;;;;EDMLMC0886XBBY-RT;;MABE;;;;65,00;65,00;65,00;94,01;0;;;;;;;;;;;;;;;;;http://181.40.23.235:8199/files/imagenes/productos/EDMLMC0886XBBY-RT.jpg;;;Marca:MABE&Producto:LAVARROPAS SUPERAUTOMATICO&Segmento:LAVADO/SECADO&Vendedor:Sara Comercial&Ancho:65  CM&Alto:89  CM&Largo:65  CM&Peso:0  GR;;;
;Licuadora b+d blbd210gt-cl jarra de vidrio 10 velocidades 550w;204000;1;0;;;;;EDBLBD210GTCL-RT;;BLACK & DECKER;;;;25,20;25,20;25,20;4,67;0;;;;;;;;;;;;;;;;;http://181.40.23.235:8199/files/imagenes/productos/EDBLBD210GTCL-RT.jpg;;;Marca:BLACK & DECKER&Producto:LICUADORAS&Segmento:PEQUE�OS ELECTRODOMESTICOS&Vendedor:Sara Comercial&Ancho:25,2  CM&Alto:34,3  CM&Largo:21,6  CM&Peso:3600  GR;;;
;Licuadora b+d bl1820sgm-cl panel dig 4v+pul jar vid 1/5l vas 700w220v;347000;1;0;;;;;EDBLBL1820SGMCL-RT;;BLACK & DECKER;;;;34,80;34,80;34,80;4,78;0;;;;;;;;;;;;;;;;;http://181.40.23.235:8199/files/imagenes/productos/EDBLBL1820SGMCL-RT.jpg;;;Marca:BLACK & DECKER&Producto:LICUADORAS&Segmento:PEQUE�OS ELECTRODOMESTICOS&Vendedor:Sara Comercial&Ancho:34,8  CM&Alto:20,8  CM&Largo:26,4  CM&Peso:3700  GR;;;
;Licuadora black&decker bl4000r-ar jar acril 2l vas 30ml forro frio 4fun 600w220v;691000;1;0;;;;;EDBDLBL4000RAR;;BLACK & DECKER;;;;20,50;20,50;20,50;5,94;0;;;;;;;;;;;;;;;;;http://181.40.23.235:8199/files/imagenes/productos/EDBDLBL4000RAR.jpg;;;Marca:BLACK & DECKER&Producto:LICUADORAS&Segmento:PEQUE�OS ELECTRODOMESTICOS&Vendedor:Sara Comercial&Ancho:20,5  CM&Alto:39  CM&Largo:29,7  CM&Peso:3390  GR;;;
;Licuadora personal fusion blade b+d mod pb22340-cl 250w c accesorios;253000;1;0;;;;;EDBDPB22340CL-RT;;BLACK & DECKER;;;;1,00;1,00;1,00;0,00;0;;;;;;;;;;;;;;;;;http://181.40.23.235:8199/files/imagenes/productos/EDBDPB22340CL-RT.jpg;;;Marca:BLACK & DECKER&Producto:LICUADORAS&Segmento:PEQUE�OS ELECTRODOMESTICOS&Vendedor:Sara Comercial&Ancho:1  CM&Alto:1  CM&Largo:1  CM&Peso:GR;;;
;Licuadora philips hr2100/00 jar acril refor 1/5l 2vel+tur problend4 400w220v;295000;1;0;;;;;EDPHLHR210000-RT;;PHILIPS;;;;22,00;22,00;22,00;4,35;0;;;;;;;;;;;;;;;;;http://181.40.23.235:8199/files/imagenes/productos/EDPHLHR210000-RT.jpg;;;Marca:PHILIPS&Producto:LICUADORAS&Segmento:PEQUE�OS ELECTRODOMESTICOS&Vendedor:Sara Comercial&Ancho:22  CM&Alto:23,8  CM&Largo:33,2  CM&Peso:1884  GR;;;
;Licuadora philips hr2102/00 jar acril 1/5l 2vel+tur problend4 pic 400w220v;374000;1;0;;;;;EDPHLHR210200-RT;;PHILIPS;;;;22,00;22,00;22,00;4,35;0;;;;;;;;;;;;;;;;;http://181.40.23.235:8199/files/imagenes/productos/EDPHLHR210200-RT.jpg;;;Marca:PHILIPS&Producto:LICUADORAS&Segmento:PEQUE�OS ELECTRODOMESTICOS&Vendedor:Sara Comercial&Ancho:22  CM&Alto:23,8  CM&Largo:33,2  CM&Peso:2150  GR;;;
;Licuadora philips hr2104/00 jar acril 1/5l 2vel+tur problend4 pic fil 400w220v;462000;1;0;;;;;EDPHLHR210400-RT;;PHILIPS;;;;28,10;28,10;28,10;5,43;0;;;;;;;;;;;;;;;;;http://181.40.23.235:8199/files/imagenes/productos/EDPHLHR210400-RT.jpg;;;Marca:PHILIPS&Producto:LICUADORAS&Segmento:PEQUE�OS ELECTRODOMESTICOS&Vendedor:Sara Comercial&Ancho:28,1  CM&Alto:23,8  CM&Largo:32,5  CM&Peso:2425  GR;;;
;Licuadora philips hr2106/90 jar vidrio 1/5l 2vel+tur problend4 pic 400w220v;473000;1;0;;;;;EDPHLHR210690-RT;;PHILIPS;;;;35,80;35,80;35,80;5,10;0;;;;;;;;;;;;;;;;;http://181.40.23.235:8199/files/imagenes/productos/EDPHLHR210690-RT.jpg;;;Marca:PHILIPS&Producto:LICUADORAS&Segmento:PEQUE�OS ELECTRODOMESTICOS&Vendedor:Sara Comercial&Ancho:35,8  CM&Alto:26,5  CM&Largo:21,5  CM&Peso:3310  GR;;;
;Licuadora philips hr2105/00 jar vidrio 1/5l 2vel+tur problend4 400w220v;418000;1;0;;;;;EDPHLHR210500-RT;;PHILIPS;;;;35,80;35,80;35,80;5,10;0;;;;;;;;;;;;;;;;;http://181.40.23.235:8199/files/imagenes/productos/EDPHLHR210500-RT.jpg;;;Marca:PHILIPS&Producto:LICUADORAS&Segmento:PEQUE�OS ELECTRODOMESTICOS&Vendedor:Sara Comercial&Ancho:35,8  CM&Alto:26,5  CM&Largo:21,5  CM&Peso:3160  GR;;;
;Licuadora philips hr2105/50 jar vidrio 1/5l 2vel+tur problend4 400w220v;463000;1;0;;;;;EDPHLHR210550-RT;;PHILIPS;;;;35,80;35,80;35,80;5,10;0;;;;;;;;;;;;;;;;;http://181.40.23.235:8199/files/imagenes/productos/EDPHLHR210550-RT.jpg;;;Marca:PHILIPS&Producto:LICUADORAS&Segmento:PEQUE�OS ELECTRODOMESTICOS&Vendedor:Sara Comercial&Ancho:35,8  CM&Alto:26,5  CM&Largo:21,5  CM&Peso:3160  GR;;;
;Licuadora philips hr2134/90 jar acril 2/4l 5v problend6 700w220v;495000;1;0;;;;;EDPHLHR213490-RT;;PHILIPS;;;;24,60;24,60;24,60;5,64;0;;;;;;;;;;;;;;;;;http://181.40.23.235:8199/files/imagenes/productos/EDPHLHR213490-RT.jpg;;;Marca:PHILIPS&Producto:LICUADORAS&Segmento:PEQUE�OS ELECTRODOMESTICOS&Vendedor:Sara Comercial&Ancho:24,6  CM&Alto:36,7  CM&Largo:25  CM&Peso:2040  GR;;;
;Licuadora philips hr2134/00 jar acril 2/4l 5v problend6 700w220v;495000;1;0;;;;;EDPHLHR213400-RT;;PHILIPS;;;;24,60;24,60;24,60;5,64;0;;;;;;;;;;;;;;;;;http://181.40.23.235:8199/files/imagenes/productos/EDPHLHR213400-RT.jpg;;;Marca:PHILIPS&Producto:LICUADORAS&Segmento:PEQUE�OS ELECTRODOMESTICOS&Vendedor:Sara Comercial&Ancho:24,6  CM&Alto:36,7  CM&Largo:25  CM&Peso:2040  GR;;;
;Licuadora philips hr2135/90 jar acril 2/4l 5v+pul problend6 800w220v;554000;1;0;;;;;EDPHLHR213590-RT;;PHILIPS;;;;24,60;24,60;24,60;5,64;0;;;;;;;;;;;;;;;;;http://181.40.23.235:8199/files/imagenes/productos/EDPHLHR213590-RT.jpg;;;Marca:PHILIPS&Producto:LICUADORAS&Segmento:PEQUE�OS ELECTRODOMESTICOS&Vendedor:Sara Comercial&Ancho:24,6  CM&Alto:36,7  CM&Largo:25  CM&Peso:2180  GR;;;
;Licuadora philips hr2139/80 jar acril 2l 12v+pul inox problend6 800w220v;752000;1;0;;;;;EDPHLHR213980-RT;;PHILIPS;;;;24,60;24,60;24,60;7,12;0;;;;;;;;;;;;;;;;;http://181.40.23.235:8199/files/imagenes/productos/EDPHLHR213980-RT.jpg;;;Marca:PHILIPS&Producto:LICUADORAS&Segmento:PEQUE�OS ELECTRODOMESTICOS&Vendedor:Sara Comercial&Ancho:24,6  CM&Alto:40,2  CM&Largo:28,8  CM&Peso:3770  GR;;;
;Licuadora philips hr3652/00 jar vidrio problend6 3d inox 1400w220v;1124000;1;0;;;;;EDPHLHR365200-RT;;PHILIPS;;;;31,00;31,00;31,00;7,08;0;;;;;;;;;;;;;;;;;http://181.40.23.235:8199/files/imagenes/productos/EDPHLHR365200-RT.jpg;;;Marca:PHILIPS&Producto:LICUADORAS&Segmento:PEQUE�OS ELECTRODOMESTICOS&Vendedor:Sara Comercial&Ancho:31  CM&Alto:43,5  CM&Largo:21  CM&Peso:5413  GR;;;
;Licuadora philips walita ri2110/90 2v problend 4 550w220v;207000;1;0;;;;;EDPLRI211090-RT;;PHILIPS;;;;22,80;22,80;22,80;3,11;0;;;;;;;;;;;;;;;;;http://181.40.23.235:8199/files/imagenes/productos/EDPLRI211090-RT.jpg;;;Marca:PHILIPS&Producto:LICUADORAS&Segmento:PEQUE�OS ELECTRODOMESTICOS&Vendedor:Sara Comercial&Ancho:22,8  CM&Alto:31,9  CM&Largo:17,1  CM&Peso:1457  GR;;;
;Licuadora philips walita ri2110/90 2v problend 4 550w220v;207000;1;0;;;;;EDPLRI211090-RT;;PHILIPS;;;;22,80;22,80;22,80;3,11;0;;;;;;;;;;;;;;;;;http://181.40.23.235:8199/files/imagenes/productos/EDPLRI211090-RT.jpg;;;Marca:PHILIPS&Producto:LICUADORAS&Segmento:PEQUE�OS ELECTRODOMESTICOS&Vendedor:Sara Comercial&Ancho:22,8  CM&Alto:31,9  CM&Largo:17,1  CM&Peso:1457  GR;;;
;Microondas mabe mei1174zjss 30l digital con grill silver;708000;1;0;;;;;EDMEI1174ZJSS-RT;;MABE;;;;51,30;51,30;51,30;16,93;0;;;;;;;;;;;;;;;;;http://181.40.23.235:8199/files/imagenes/productos/EDMEI1174ZJSS-RT.jpg;;;Marca:MABE&Producto:MICROONDAS DE MESA&Segmento:COCCION&Vendedor:Sara Comercial&Ancho:51,3  CM&Alto:30,7  CM&Largo:43  CM&Peso:0  GR;;;
;Mixer de inmersion b+d mod hb24710-cl 500ml 700w;311000;1;0;;;;;EDBDHB24710CL-RT;;BLACK & DECKER;;;;1,00;1,00;1,00;0,00;0;;;;;;;;;;;;;;;;;http://181.40.23.235:8199/files/imagenes/productos/EDBDHB24710CL-RT.jpg;;;Marca:BLACK & DECKER&Producto:BATIDORAS&Segmento:PEQUE�OS ELECTRODOMESTICOS&Vendedor:Sara Comercial&Ancho:1  CM&Alto:1  CM&Largo:1  CM&Peso:GR;;;
;Mixer philips hr1623/00 2vel+tur brz inox vas med 500ml pic 650w220v;481000;1;0;;;;;EDPBMHR162300-RT;;PHILIPS;;;;11,00;11,00;11,00;2,54;0;;;;;;;;;;;;;;;;;http://181.40.23.235:8199/files/imagenes/productos/EDPBMHR162300-RT.jpg;;;Marca:PHILIPS&Producto:BATIDORAS&Segmento:PEQUE�OS ELECTRODOMESTICOS&Vendedor:Sara Comercial&Ancho:11  CM&Alto:42  CM&Largo:22  CM&Peso:1588  GR;;;
;Mixer philips hr1627/00 2vel+tur brz inox vas med 500ml pic bat 650w220v;556000;1;0;;;;;EDPHBMHR162700-RT;;PHILIPS;;;;25,00;25,00;25,00;4,38;0;;;;;;;;;;;;;;;;;http://181.40.23.235:8199/files/imagenes/productos/EDPHBMHR162700-RT.jpg;;;Marca:PHILIPS&Producto:BATIDORAS&Segmento:PEQUE�OS ELECTRODOMESTICOS&Vendedor:Sara Comercial&Ancho:25  CM&Alto:28  CM&Largo:25  CM&Peso:2020  GR;;;
;Mochila fumigacion manual ducati dhs2000;364000;1;0;;;;;GFDUDHS2000;;DUCATI;;;;25,00;25,00;25,00;11,64;0;;;;;;;;;;;;;;;;;http://181.40.23.235:8199/files/imagenes/productos/GFDUDHS2000.jpg;;;Marca:DUCATI&Producto:CUIDADO Y LIMPIEZA&Segmento:CAMPO Y JARDIN&Vendedor:Sara Comercial&Ancho:25  CM&Alto:49  CM&Largo:38  CM&Peso:4000  GR;;;
;Motobomba ducati dcw50 agua limpia 2;1063000;1;0;;;;;GFDUDCW50;;DUCATI;;;;40,00;40,00;40,00;19,68;0;;;;;;;;;;;;;;;;;http://181.40.23.235:8199/files/imagenes/productos/GFDUDCW50.jpg;;;Marca:DUCATI&Producto:MOTOBOMBAS&Segmento:MAQUINARIAS&Vendedor:Sara Comercial&Ancho:40  CM&Alto:41  CM&Largo:48  CM&Peso:10500  GR;;;
;Motosierra ducati dcs2600;1103000;1;0;;;;;GFDUDCS2600;;DUCATI;;;;31,50;31,50;31,50;11,91;0;;;;;;;;;;;;;;;;;http://181.40.23.235:8199/files/imagenes/productos/GFDUDCS2600.jpg;;;Marca:DUCATI&Producto:CUIDADO Y LIMPIEZA&Segmento:CAMPO Y JARDIN&Vendedor:Sara Comercial&Ancho:31,5  CM&Alto:28  CM&Largo:54  CM&Peso:3200  GR;;;
;Motosierra ducati dcs5500r;1427000;1;0;;;;;GFDUDCS5500R;;DUCATI;;;;49,00;49,00;49,00;23,70;0;;;;;;;;;;;;;;;;;http://181.40.23.235:8199/files/imagenes/productos/GFDUDCS5500R.jpg;;;Marca:DUCATI&Producto:CUIDADO Y LIMPIEZA&Segmento:CAMPO Y JARDIN&Vendedor:Sara Comercial&Ancho:49  CM&Alto:34  CM&Largo:56,9  CM&Peso:5300  GR;;;
;Olla a presion aluminio b+d mod pc500 5,5l;267000;1;0;;;;;EDBDPC500;;BLACK & DECKER;;;;1,00;1,00;1,00;0,00;0;;;;;;;;;;;;;;;;;http://181.40.23.235:8199/files/imagenes/productos/EDBDPC500.jpg;;;Marca:BLACK & DECKER&Producto:UTENSILIOS PARA COCINAR&Segmento:BAZAR&Vendedor:Sara Comercial&Ancho:1  CM&Alto:1  CM&Largo:1  CM&Peso:GR;;;
;Multiprocesadora philips walita ri7630/90 2v+pul 1/3l 21 fun jar lic 600w220v;592000;1;0;;;;;EDPHPRI763090-RT;;PHILIPS;;;;45,40;45,40;45,40;20,90;0;;;;;;;;;;;;;;;;;http://181.40.23.235:8199/files/imagenes/productos/EDPHPRI763090-RT.jpg;;;Marca:PHILIPS&Producto:PROCESADORES&Segmento:PEQUE�OS ELECTRODOMESTICOS&Vendedor:Sara Comercial&Ancho:45,4  CM&Alto:35,9  CM&Largo:51,3  CM&Peso:3450  GR;;;
;Ondulador philips bhb862/00 cilindro 16mm ceramica 200�c 220v;177000;1;0;;;;;EDPCBHB86200-RT;;PHILIPS;;;;36,80;36,80;36,80;0,53;0;;;;;;;;;;;;;;;;;http://181.40.23.235:8199/files/imagenes/productos/EDPCBHB86200-RT.jpg;;;Marca:PHILIPS&Producto:ONDULADORAS&Segmento:CUIDADO PERSONAL&Vendedor:Sara Comercial&Ancho:36,8  CM&Alto:10,5  CM&Largo:5,5  CM&Peso:457  GR;;;
;Ondulador philips hp8607/00 25mm 200�c ceramica keratina 110-240v;235000;1;0;;;;;EDPOHP860700-RT;;PHILIPS;;;;5,50;5,50;5,50;0,53;0;;;;;;;;;;;;;;;;;http://181.40.23.235:8199/files/imagenes/productos/EDPOHP860700-RT.jpg;;;Marca:PHILIPS&Producto:ONDULADORAS&Segmento:CUIDADO PERSONAL&Vendedor:Sara Comercial&Ancho:5,5  CM&Alto:10,5  CM&Largo:36,8  CM&Peso:449  GR;;;
;Parlante activo aiwa aw-f360-bk bt 50w rms negro;800000;1;0;;;;;ELAWF360BK-RT;;AIWA;;;;21,80;21,80;21,80;4,17;0;;;;;;;;;;;;;;;;;http://181.40.23.235:8199/files/imagenes/productos/ELAWF360BK-RT.jpg;;;Marca:AIWA&Producto:PARLANTES ACT. BATERIA&Segmento:TV/AUDIO/VIDEO&Vendedor:Sara Comercial&Ancho:21,8  CM&Alto:35,1  CM&Largo:21,8  CM&Peso:3300  GR;;;
;Parlante activo aiwa aw-hd200bt m/media bt 10w rms fm mic;374000;1;0;;;;;ELAWHD200BT-RT;;AIWA;;;;17,80;17,80;17,80;3,96;0;;;;;;;;;;;;;;;;;http://181.40.23.235:8199/files/imagenes/productos/ELAWHD200BT-RT.jpg;;;Marca:AIWA&Producto:PARLANTES ACT. BATERIA&Segmento:TV/AUDIO/VIDEO&Vendedor:Sara Comercial&Ancho:17,8  CM&Alto:35  CM&Largo:25,4  CM&Peso:2450  GR;;;
;Parlante activo aiwa aw-mpro15 multimedia 3000w pmpo c/pie bt usb fm mic;1822000;1;0;;;;;ELAWMPRO15-RT;;AIWA;;;;49,50;49,50;49,50;55,98;0;;;;;;;;;;;;;;;;;http://181.40.23.235:8199/files/imagenes/productos/ELAWMPRO15-RT.jpg;;;Marca:AIWA&Producto:PARLANTES ACT. ELECTRICOS&Segmento:TV/AUDIO/VIDEO&Vendedor:Sara Comercial&Ancho:49,5  CM&Alto:83  CM&Largo:54,5  CM&Peso:30000  GR;;;
;Parlante activo aiwa aw-poc10 mmedia bt usb eq 2500w pmpo;1728000;1;0;;;;;ELAWPOC10-RT;;AIWA;;;;40,20;40,20;40,20;50,22;0;;;;;;;;;;;;;;;;;http://181.40.23.235:8199/files/imagenes/productos/ELAWPOC10-RT.jpg;;;Marca:AIWA&Producto:PARLANTES ACT. ELECTRICOS&Segmento:TV/AUDIO/VIDEO&Vendedor:Sara Comercial&Ancho:40,2  CM&Alto:43  CM&Largo:116,2  CM&Peso:20430  GR;;;
;Parlante activo aiwa aw-pok3 multimedia 50x2w/bt/usb/fm/bat 12v;1174000;1;0;;;;;ELAWPOK3-RT;;AIWA;;;;35,50;35,50;35,50;22,21;0;;;;;;;;;;;;;;;;;http://181.40.23.235:8199/files/imagenes/productos/ELAWPOK3-RT.jpg;;;Marca:AIWA&Producto:PARLANTES ACT. BATERIA&Segmento:TV/AUDIO/VIDEO&Vendedor:Sara Comercial&Ancho:35,5  CM&Alto:71,5  CM&Largo:35  CM&Peso:8300  GR;;;
;Parlante activo aiwa aw-sp06m multimedia 800w pmpo sd bt aux;648000;1;0;;;;;ELAWSP06M-RT;;AIWA;;;;25,50;25,50;25,50;10,83;0;;;;;;;;;;;;;;;;;http://181.40.23.235:8199/files/imagenes/productos/ELAWSP06M-RT.jpg;;;Marca:AIWA&Producto:PARLANTES ACT. BATERIA&Segmento:TV/AUDIO/VIDEO&Vendedor:Sara Comercial&Ancho:25,5  CM&Alto:47,2  CM&Largo:36  CM&Peso:7250  GR;;;
;Parlante activo aiwa aw-sp10m2 multimedia altavoz 10x2 3000w pmpo;1519000;1;0;;;;;ELAWSP10M2-RT;;AIWA;;;;34,00;34,00;34,00;28,71;0;;;;;;;;;;;;;;;;;http://181.40.23.235:8199/files/imagenes/productos/ELAWSP10M2-RT.jpg;;;Marca:AIWA&Producto:PARLANTES ACT. BATERIA&Segmento:TV/AUDIO/VIDEO&Vendedor:Sara Comercial&Ancho:34  CM&Alto:39,5  CM&Largo:85,5  CM&Peso:17050  GR;;;
;Parlante activo aiwa aw-sp15m multimedia 15 1000w pmpo c/pie radio fm;1215000;1;0;;;;;ELAWSP15M-RT;;AIWA;;;;40,80;40,80;40,80;37,28;0;;;;;;;;;;;;;;;;;http://181.40.23.235:8199/files/imagenes/productos/ELAWSP15M-RT.jpg;;;Marca:AIWA&Producto:PARLANTES ACT. BATERIA&Segmento:TV/AUDIO/VIDEO&Vendedor:Sara Comercial&Ancho:40,8  CM&Alto:48,8  CM&Largo:74,9  CM&Peso:19700  GR;;;
;Parlante aiwa aw-pok4 multimedia 600w aux/mic/bt/usb/mp3/fm;972000;1;0;;;;;ELAWPOK4-RT;;AIWA;;;;65,20;65,20;65,20;17,64;0;;;;;;;;;;;;;;;;;http://181.40.23.235:8199/files/imagenes/productos/ELAWPOK4-RT.jpg;;;Marca:AIWA&Producto:PARLANTES ACT. BATERIA&Segmento:TV/AUDIO/VIDEO&Vendedor:Sara Comercial&Ancho:65,2  CM&Alto:32,2  CM&Largo:33,6  CM&Peso:8280  GR;;;
;Parlante aiwa aw-pok5 multimedia 400w aux/mic/bt/usb/mp3/fm;815000;1;0;;;;;ELAWPOK5-RT;;AIWA;;;;23,40;23,40;23,40;7,39;0;;;;;;;;;;;;;;;;;http://181.40.23.235:8199/files/imagenes/productos/ELAWPOK5-RT.jpg;;;Marca:AIWA&Producto:PARLANTES ACT. BATERIA&Segmento:TV/AUDIO/VIDEO&Vendedor:Sara Comercial&Ancho:23,4  CM&Alto:54  CM&Largo:23,4  CM&Peso:6460  GR;;;
;Parlante aiwa aw-pok6 multimedia 600w aux/mic/bt/usb/mp3/fm;1002000;1;0;;;;;ELAWPOK6-RT;;AIWA;;;;33,50;33,50;33,50;17,10;0;;;;;;;;;;;;;;;;;http://181.40.23.235:8199/files/imagenes/productos/ELAWPOK6-RT.jpg;;;Marca:AIWA&Producto:PARLANTES ACT. BATERIA&Segmento:TV/AUDIO/VIDEO&Vendedor:Sara Comercial&Ancho:33,5  CM&Alto:64,8  CM&Largo:31,5  CM&Peso:8900  GR;;;
;Parlante aiwa aw-s800btbk bt w/proof fuc. tws/usb (ch) -25w;708000;1;0;;;;;ELAWS800BTB-RT;;AIWA;;;;17,00;17,00;17,00;3,53;0;;;;;;;;;;;;;;;;;http://181.40.23.235:8199/files/imagenes/productos/ELAWS800BTB-RT.JPG;;;Marca:AIWA&Producto:SPEAKER&Segmento:TV/AUDIO/VIDEO&Vendedor:Sara Comercial&Ancho:17  CM&Alto:39,5  CM&Largo:21  CM&Peso:2550  GR;;;
;Parlante portatil aiwa aw-ax5bt-r activo bt 5w rojo;177000;1;0;;;;;ELAWAX5BTR-RT;;AIWA;;;;5,00;5,00;5,00;0,39;0;;;;;;;;;;;;;;;;;http://181.40.23.235:8199/files/imagenes/productos/ELAWAX5BTR-RT.jpg;;;Marca:AIWA&Producto:SPEAKER&Segmento:TV/AUDIO/VIDEO&Vendedor:Sara Comercial&Ancho:5  CM&Alto:14  CM&Largo:16  CM&Peso:394  GR;;;
;Parlante portatil aiwa aw-q400-bk bt/sd/eq/aux/fm/manos libres/ipx6;334000;1;0;;;;;ELAWQ400BK-RT;;AIWA;;;;10,60;10,60;10,60;0,75;0;;;;;;;;;;;;;;;;;http://181.40.23.235:8199/files/imagenes/productos/ELAWQ400BK-RT.jpg;;;Marca:AIWA&Producto:SPEAKER&Segmento:TV/AUDIO/VIDEO&Vendedor:Sara Comercial&Ancho:10,6  CM&Alto:10  CM&Largo:21,8  CM&Peso:750  GR;;;
;Parlante portatil aiwa aw-q400-r bt/sd/eq/aux/fm/manos libres/ipx6;309000;1;0;;;;;ELAWQ400R-RT;;AIWA;;;;10,60;10,60;10,60;0,75;0;;;;;;;;;;;;;;;;;http://181.40.23.235:8199/files/imagenes/productos/ELAWQ400R-RT.jpg;;;Marca:AIWA&Producto:SPEAKER&Segmento:TV/AUDIO/VIDEO&Vendedor:Sara Comercial&Ancho:10,6  CM&Alto:10  CM&Largo:21,8  CM&Peso:750  GR;;;
;Parlante portatil aiwa aw-q680-r bt/sd/eq/aux/fm/manos libres/ipx6;491000;1;0;;;;;ELAWQ680R-RT;;AIWA;;;;15,20;15,20;15,20;1,80;0;;;;;;;;;;;;;;;;;http://181.40.23.235:8199/files/imagenes/productos/ELAWQ680R-RT.jpg;;;Marca:AIWA&Producto:SPEAKER&Segmento:TV/AUDIO/VIDEO&Vendedor:Sara Comercial&Ancho:15,2  CM&Alto:12  CM&Largo:26,8  CM&Peso:1800  GR;;;
;Parlante portatil aiwa aw-s21-bk 3w x2 bt/mic p/llamada/sd/fm/audio in/bat 5hs;189000;1;0;;;;;ELAWS21BK-RT;;AIWA;;;;5,70;5,70;5,70;0,21;0;;;;;;;;;;;;;;;;;http://181.40.23.235:8199/files/imagenes/productos/ELAWS21BK-RT.jpg;;;Marca:AIWA&Producto:SPEAKER&Segmento:TV/AUDIO/VIDEO&Vendedor:Sara Comercial&Ancho:5,7  CM&Alto:9,7  CM&Largo:15,3  CM&Peso:36  GR;;;
;Parlante portatil aiwa aw-s21-r 3w x2 bt/mic p/llamada/sd/fm/audio in/bat 5hs;189000;1;0;;;;;ELAWS21R-RT;;AIWA;;;;5,70;5,70;5,70;0,21;0;;;;;;;;;;;;;;;;;http://181.40.23.235:8199/files/imagenes/productos/ELAWS21R-RT.jpg;;;Marca:AIWA&Producto:SPEAKER&Segmento:TV/AUDIO/VIDEO&Vendedor:Sara Comercial&Ancho:5,7  CM&Alto:9,7  CM&Largo:15,3  CM&Peso:36  GR;;;
;Parlante portatil aiwa aw-q680-bk bt/sd/eq/aux/fm/manos libres/ipx6;491000;1;0;;;;;ELAWQ680BK-RT;;AIWA;;;;15,20;15,20;15,20;1,80;0;;;;;;;;;;;;;;;;;http://181.40.23.235:8199/files/imagenes/productos/ELAWQ680BK-RT.jpg;;;Marca:AIWA&Producto:SPEAKER&Segmento:TV/AUDIO/VIDEO&Vendedor:Sara Comercial&Ancho:15,2  CM&Alto:12  CM&Largo:26,8  CM&Peso:1800  GR;;;
;Parlante portatil aiwa aw2-wpf-bk 6wx2 bt/resistente al agua/bat 2000 mah/negro;354000;1;0;;;;;ELAW2WPFBK-RT;;AIWA;;;;15,50;15,50;15,50;0,94;0;;;;;;;;;;;;;;;;;http://181.40.23.235:8199/files/imagenes/productos/ELAW2WPFBK-RT.jpg;;;Marca:AIWA&Producto:SPEAKER&Segmento:TV/AUDIO/VIDEO&Vendedor:Sara Comercial&Ancho:15,5  CM&Alto:9,7  CM&Largo:24,9  CM&Peso:750  GR;;;
;Parlante portatil aiwa aw2-wpf-r 6wx2 bt/resistente al agua/bat 2000 mah/rojo;374000;1;0;;;;;ELAW2WPFR-RT;;AIWA;;;;9,70;9,70;9,70;0,94;0;;;;;;;;;;;;;;;;;http://181.40.23.235:8199/files/imagenes/productos/ELAW2WPFR-RT.jpg;;;Marca:AIWA&Producto:SPEAKER&Segmento:TV/AUDIO/VIDEO&Vendedor:Sara Comercial&Ancho:9,7  CM&Alto:15,5  CM&Largo:24,9  CM&Peso:750  GR;;;
;Parlante portatil aiwa aw-20h-bk 10wx2 bt/funcion tws/bat 2400 mah/negro;435000;1;0;;;;;ELAW20HBK-RT;;AIWA;;;;7,20;7,20;7,20;1,20;0;;;;;;;;;;;;;;;;;http://181.40.23.235:8199/files/imagenes/productos/ELAW20HBK-RT.jpg;;;Marca:AIWA&Producto:SPEAKER&Segmento:TV/AUDIO/VIDEO&Vendedor:Sara Comercial&Ancho:7,2  CM&Alto:17  CM&Largo:26,5  CM&Peso:1200  GR;;;
;Parlante portatil aiwa aw-20h-r 10wx2 bt/funcion tws/bat 2400 mah/rojo;435000;1;0;;;;;ELAW20HR-RT;;AIWA;;;;7,20;7,20;7,20;1,20;0;;;;;;;;;;;;;;;;;http://181.40.23.235:8199/files/imagenes/productos/ELAW20HR-RT.jpg;;;Marca:AIWA&Producto:SPEAKER&Segmento:TV/AUDIO/VIDEO&Vendedor:Sara Comercial&Ancho:7,2  CM&Alto:17  CM&Largo:26,5  CM&Peso:1200  GR;;;
;Parlante portatil aiwa aw-31fm-r 4,5w x2 bt/mic p/llamada/sd/audio/fm in/bat 8hs;251000;1;0;;;;;ELAW31FMR-RT;;AIWA;;;;8,20;8,20;8,20;0,58;0;;;;;;;;;;;;;;;;;http://181.40.23.235:8199/files/imagenes/productos/ELAW31FMR-RT.jpg;;;Marca:AIWA&Producto:SPEAKER&Segmento:TV/AUDIO/VIDEO&Vendedor:Sara Comercial&Ancho:8,2  CM&Alto:11,3  CM&Largo:21,8  CM&Peso:575  GR;;;
;Parlante portatil aiwa aw-31-w 4,5w x2 bt/mic p/llamada/sd/audio in/bat 8hs;216000;1;0;;;;;ELAW31W-RT;;AIWA;;;;11,50;11,50;11,50;0,53;0;;;;;;;;;;;;;;;;;http://181.40.23.235:8199/files/imagenes/productos/ELAW31W-RT.jpg;;;Marca:AIWA&Producto:SPEAKER&Segmento:TV/AUDIO/VIDEO&Vendedor:Sara Comercial&Ancho:11,5  CM&Alto:8,5  CM&Largo:21,7  CM&Peso:58  GR;;;
;Parlante portatil aiwa aw-31fm-bk 4,5wx2 bt/mic call/sd/audio in/fm/bat 8hs;251000;1;0;;;;;ELAW31FMBK-RT;;AIWA;;;;8,20;8,20;8,20;0,58;0;;;;;;;;;;;;;;;;;http://181.40.23.235:8199/files/imagenes/productos/ELAW31FMBK-RT.jpg;;;Marca:AIWA&Producto:SPEAKER&Segmento:TV/AUDIO/VIDEO&Vendedor:Sara Comercial&Ancho:8,2  CM&Alto:21,8  CM&Largo:11,3  CM&Peso:580  GR;;;
;Parlante portatil aiwa aw-700bk 25w bt/aux/sd/eq/correa;688000;1;0;;;;;ELAW700BK-RT;;AIWA;;;;18,70;18,70;18,70;2,68;0;;;;;;;;;;;;;;;;;http://181.40.23.235:8199/files/imagenes/productos/ELAW700BK-RT.jpg;;;Marca:AIWA&Producto:SPEAKER&Segmento:TV/AUDIO/VIDEO&Vendedor:Sara Comercial&Ancho:18,7  CM&Alto:18  CM&Largo:31,8  CM&Peso:2300  GR;;;
;Parlante portatil philips bt100b 2w rms bluetooth/microfono p/llamadas;220000;1;0;;;;;ELPHBT100B;;PHILIPS;;;;10,00;10,00;10,00;0,31;0;;;;;;;;;;;;;;;;;http://181.40.23.235:8199/files/imagenes/productos/ELPHBT100B.jpg;;;Marca:PHILIPS&Producto:SPEAKER&Segmento:TV/AUDIO/VIDEO&Vendedor:Sara Comercial&Ancho:10  CM&Alto:12,2  CM&Largo:10  CM&Peso:0  GR;;;
;Parlante portatil philips bt100w 2w rms bluetooth/microfono p/llamadas;222000;1;0;;;;;ELPHBT100W;;PHILIPS;;;;10,00;10,00;10,00;0,31;0;;;;;;;;;;;;;;;;;http://181.40.23.235:8199/files/imagenes/productos/ELPHBT100W.jpg;;;Marca:PHILIPS&Producto:SPEAKER&Segmento:TV/AUDIO/VIDEO&Vendedor:Sara Comercial&Ancho:10  CM&Alto:12,2  CM&Largo:10  CM&Peso:0  GR;;;
;Parlante portatil philips bt110a 4w rms bluetooth/microfono p/llamadas/resisteag;263000;1;0;;;;;ELPHBT110A;;PHILIPS;;;;8,00;8,00;8,00;0,33;0;;;;;;;;;;;;;;;;;http://181.40.23.235:8199/files/imagenes/productos/ELPHBT110A.jpg;;;Marca:PHILIPS&Producto:SPEAKER&Segmento:TV/AUDIO/VIDEO&Vendedor:Sara Comercial&Ancho:8  CM&Alto:15  CM&Largo:11  CM&Peso:0  GR;;;
;Parlante portatil philips bt110b 4w rms bluetooth/microfono p/llamadas/resisteag;257000;1;0;;;;;ELPHBT110B;;PHILIPS;;;;8,00;8,00;8,00;0,33;0;;;;;;;;;;;;;;;;;http://181.40.23.235:8199/files/imagenes/productos/ELPHBT110B.jpg;;;Marca:PHILIPS&Producto:SPEAKER&Segmento:TV/AUDIO/VIDEO&Vendedor:Sara Comercial&Ancho:8  CM&Alto:15  CM&Largo:11  CM&Peso:0  GR;;;
;Parlante portatil philips bt2200b 2/8w rms bluetooth/mic p/llamadas/resisteagua/;363000;1;0;;;;;ELPHBT2200B;;PHILIPS;;;;7,20;7,20;7,20;0,14;0;;;;;;;;;;;;;;;;;http://181.40.23.235:8199/files/imagenes/productos/ELPHBT2200B.jpg;;;Marca:PHILIPS&Producto:SPEAKER&Segmento:TV/AUDIO/VIDEO&Vendedor:Sara Comercial&Ancho:7,2  CM&Alto:6,8  CM&Largo:11,4  CM&Peso:0  GR;;;
;Parlante portatil philips bt50w 2w rms entrada de audio/bluetooth;182000;1;0;;;;;ELPHBT50W;;PHILIPS;;;;9,50;9,50;9,50;0,28;0;;;;;;;;;;;;;;;;;http://181.40.23.235:8199/files/imagenes/productos/ELPHBT50W.jpg;;;Marca:PHILIPS&Producto:SPEAKER&Segmento:TV/AUDIO/VIDEO&Vendedor:Sara Comercial&Ancho:9,5  CM&Alto:14,2  CM&Largo:8,2  CM&Peso:0  GR;;;
;Parlantes aiwa 6,5 de 4 vias 65-20khz 120w;162000;1;0;;;;;ELAW1604-RT;;AIWA;;;;39,00;39,00;39,00;5,58;0;;;;;;;;;;;;;;;;;http://181.40.23.235:8199/files/imagenes/productos/ELAW1604-RT.jpg;;;Marca:AIWA&Producto:PARLANTES&Segmento:ELECTRODOMESTICOS&Vendedor:Sara Comercial&Ancho:39  CM&Alto:44  CM&Largo:13  CM&Peso:1800  GR;;;
;Parrilla electrica black&decker ig201-cl antihaderente temp var 1200w220v;316000;1;0;;;;;EDBDGRIG201CL;;BLACK & DECKER;;;;34,00;34,00;34,00;5,23;0;;;;;;;;;;;;;;;;;http://181.40.23.235:8199/files/imagenes/productos/EDBDGRIG201CL.jpg;;;Marca:BLACK & DECKER&Producto:OLLAS ELECTRICAS&Segmento:PEQUE�OS ELECTRODOMESTICOS&Vendedor:Sara Comercial&Ancho:34  CM&Alto:11,5  CM&Largo:53,5  CM&Peso:3500  GR;;;
;Plancha vapor b+d irbd100-cl base nonstick vapor variable 1100w220v;84000;1;0;;;;;EDBPIRBD100CL-RT;;BLACK & DECKER;;;;30,23;30,23;30,23;1,34;0;;;;;;;;;;;;;;;;;http://181.40.23.235:8199/files/imagenes/productos/EDBPIRBD100CL-RT.jpg;;;Marca:BLACK & DECKER&Producto:PLANCHAS DE ROPA&Segmento:PEQUE�OS ELECTRODOMESTICOS&Vendedor:Sara Comercial&Ancho:30,23  CM&Alto:13,97  CM&Largo:12,7  CM&Peso:940  GR;;;
;Plancha vapor philips gc1432/40 25g/m nonstick sur a/sarro roc 220ml 2000w240v;179000;1;0;;;;;EDPHPGC143240-RT;;PHILIPS;;;;29,00;29,00;29,00;1,34;0;;;;;;;;;;;;;;;;;http://181.40.23.235:8199/files/imagenes/productos/EDPHPGC143240-RT.jpg;;;Marca:PHILIPS&Producto:PLANCHAS DE ROPA&Segmento:PEQUE�OS ELECTRODOMESTICOS&Vendedor:Sara Comercial&Ancho:29  CM&Alto:14,6  CM&Largo:12,7  CM&Peso:1059  GR;;;
;Plancha vapor philips gc1439/20 25g/m ceramic sur a/sarro roc 220ml 2000w240v;234000;1;0;;;;;EDPHPGC143920-RT;;PHILIPS;;;;29,00;29,00;29,00;1,34;0;;;;;;;;;;;;;;;;;http://181.40.23.235:8199/files/imagenes/productos/EDPHPGC143920-RT.jpg;;;Marca:PHILIPS&Producto:PLANCHAS DE ROPA&Segmento:PEQUE�OS ELECTRODOMESTICOS&Vendedor:Sara Comercial&Ancho:29  CM&Alto:14,6  CM&Largo:12,7  CM&Peso:1174  GR;;;
;Plancha vapor philips gc1750/20 placa vitroceramica 220ml 2000w 220v;250000;1;0;;;;;EDPPGC175020-RT;;PHILIPS;;;;29,00;29,00;29,00;1,46;0;;;;;;;;;;;;;;;;;http://181.40.23.235:8199/files/imagenes/productos/EDPPGC175020-RT.jpg;;;Marca:PHILIPS&Producto:PLANCHAS DE ROPA&Segmento:PEQUE�OS ELECTRODOMESTICOS&Vendedor:Sara Comercial&Ancho:29  CM&Alto:15,6  CM&Largo:12,9  CM&Peso:1083  GR;;;
;Plancha vapor philips gc2040/20 30g/m nonstick sur a/sarro roc 270ml 2100w240v;238000;1;0;;;;;EDPHPGC204020;;PHILIPS;;;;32,00;32,00;32,00;1,79;0;;;;;;;;;;;;;;;;;http://181.40.23.235:8199/files/imagenes/productos/EDPHPGC204020.png;;;Marca:PHILIPS&Producto:PLANCHAS DE ROPA&Segmento:PEQUE�OS ELECTRODOMESTICOS&Vendedor:Sara Comercial&Ancho:32  CM&Alto:16  CM&Largo:14  CM&Peso:1431  GR;;;
;Plancha vapor philips gc2990/20 40g/m steamglide sur a/sar roc 320ml 2300w240v;366000;1;0;;;;;EDPHPGC299020-RT;;PHILIPS;;;;32,80;32,80;32,80;1,72;0;;;;;;;;;;;;;;;;;http://181.40.23.235:8199/files/imagenes/productos/EDPHPGC299020-RT.jpg;;;Marca:PHILIPS&Producto:PLANCHAS DE ROPA&Segmento:PEQUE�OS ELECTRODOMESTICOS&Vendedor:Sara Comercial&Ancho:32,8  CM&Alto:16,3  CM&Largo:12,9  CM&Peso:1435  GR;;;
;Plancha vapor philips gc2145/20 easyspeed plus ceramic 270ml 2100w 240v;285000;1;0;;;;;EDPPGC214520-RT;;PHILIPS;;;;30,50;30,50;30,50;1,59;0;;;;;;;;;;;;;;;;;http://181.40.23.235:8199/files/imagenes/productos/EDPPGC214520-RT.jpg;;;Marca:PHILIPS&Producto:PLANCHAS DE ROPA&Segmento:PEQUE�OS ELECTRODOMESTICOS&Vendedor:Sara Comercial&Ancho:30,5  CM&Alto:16  CM&Largo:13  CM&Peso:1257  GR;;;
;Plancha vapor philips gc6833/30 110g/m steamglide plus 1/3l 2400w220v;1336000;1;0;;;;;EDPPGC683330-RT;;PHILIPS;;;;23,50;23,50;23,50;6,31;0;;;;;;;;;;;;;;;;;http://181.40.23.235:8199/files/imagenes/productos/EDPPGC683330-RT.jpg;;;Marca:PHILIPS&Producto:PLANCHAS DE ROPA&Segmento:PEQUE�OS ELECTRODOMESTICOS&Vendedor:Sara Comercial&Ancho:23,5  CM&Alto:27  CM&Largo:39,8  CM&Peso:3700  GR;;;
;Plancha vapor philips gc3920/20 perfectcare optimaltemp 300ml 2500w 240v;820000;1;0;;;;;EDPPGC392020-RT;;PHILIPS;;;;33,20;33,20;33,20;1,90;0;;;;;;;;;;;;;;;;;http://181.40.23.235:8199/files/imagenes/productos/EDPPGC392020-RT.jpg;;;Marca:PHILIPS&Producto:PLANCHAS DE ROPA&Segmento:PEQUE�OS ELECTRODOMESTICOS&Vendedor:Sara Comercial&Ancho:33,2  CM&Alto:16,7  CM&Largo:13,7  CM&Peso:1724  GR;;;
;Procesadora b+d fp1700b-cl bot on/off+pul bol 2l cuc inx 3 acc 450w220v;268000;1;0;;;;;EDBFP1700BCL-RT;;BLACK & DECKER;;;;36,10;36,10;36,10;4,73;0;;;;;;;;;;;;;;;;;http://181.40.23.235:8199/files/imagenes/productos/EDBFP1700BCL-RT.jpg;;;Marca:BLACK & DECKER&Producto:PROCESADORES&Segmento:PEQUE�OS ELECTRODOMESTICOS&Vendedor:Sara Comercial&Ancho:36,1  CM&Alto:19,2  CM&Largo:27,3  CM&Peso:2740  GR;;;
;Procesadora black&decker fp1700b-cl bot on/off+pul bol 2l cuc inx 3 acc 450w220v;268000;1;0;;;;;EDBDPFP1700BCL;;BLACK & DECKER;;;;36,10;36,10;36,10;4,73;0;;;;;;;;;;;;;;;;;http://181.40.23.235:8199/files/imagenes/productos/EDBDPFP1700BCL.jpg;;;Marca:BLACK & DECKER&Producto:PROCESADORES&Segmento:PEQUE�OS ELECTRODOMESTICOS&Vendedor:Sara Comercial&Ancho:36,1  CM&Alto:19,2  CM&Largo:27,3  CM&Peso:2740  GR;;;
;Plancha vertical philips gc514/40 32g/m placa xl 3 aju vapor 1/6l 1600w220v;793000;1;0;;;;;EDPVRGC51440-RT;;PHILIPS;;;;41,50;41,50;41,50;12,53;0;;;;;;;;;;;;;;;;;http://181.40.23.235:8199/files/imagenes/productos/EDPVRGC51440-RT.jpg;;;Marca:PHILIPS&Producto:PLANCHAS DE ROPA&Segmento:PEQUE�OS ELECTRODOMESTICOS&Vendedor:Sara Comercial&Ancho:41,5  CM&Alto:34,5  CM&Largo:35  CM&Peso:4419  GR;;;
;Procesadora philips hr-7627/00 2vel+tur bol 2l cuchi inox acce+ 15 func 650w220v;536000;1;0;;;;;EDPHPHR762700;;PHILIPS;;;;25,50;25,50;25,50;6,05;0;;;;;;;;;;;;;;;;;http://181.40.23.235:8199/files/imagenes/productos/EDPHPHR762700.jpg;;;Marca:PHILIPS&Producto:PROCESADORES&Segmento:PEQUE�OS ELECTRODOMESTICOS&Vendedor:Sara Comercial&Ancho:25,5  CM&Alto:27,5  CM&Largo:34,5  CM&Peso:3150  GR;;;
;Procesadora philips hr7627/00 2v+tur bol 2l cuchi inox acc p/+ 15 func 650w220v;536000;1;0;;;;;EDPPHR762700-RT;;PHILIPS;;;;25,50;25,50;25,50;6,05;0;;;;;;;;;;;;;;;;;http://181.40.23.235:8199/files/imagenes/productos/EDPPHR762700-RT.jpg;;;Marca:PHILIPS&Producto:PROCESADORES&Segmento:PEQUE�OS ELECTRODOMESTICOS&Vendedor:Sara Comercial&Ancho:25,5  CM&Alto:27,5  CM&Largo:34,5  CM&Peso:3150  GR;;;
;Procesadora philips walita ri7630/90 2v 21 func c/jarra 600w220v;592000;1;0;;;;;EDPPRI763090;;PHILIPS;;;;25,00;25,00;25,00;9,16;0;;;;;;;;;;;;;;;;;http://181.40.23.235:8199/files/imagenes/productos/EDPPRI763090.jpg;;;Marca:PHILIPS&Producto:PROCESADORES&Segmento:PEQUE�OS ELECTRODOMESTICOS&Vendedor:Sara Comercial&Ancho:25  CM&Alto:44  CM&Largo:33,3  CM&Peso:3238  GR;;;
;Pulverizador manual ducati dsp2000;182000;1;0;;;;;GFDUDSP2000;;DUCATI;;;;35,00;35,00;35,00;19,90;0;;;;;;;;;;;;;;;;;http://181.40.23.235:8199/files/imagenes/productos/GFDUDSP2000.jpg;;;Marca:DUCATI&Producto:CUIDADO Y LIMPIEZA&Segmento:CAMPO Y JARDIN&Vendedor:Sara Comercial&Ancho:35  CM&Alto:53,5  CM&Largo:42,5  CM&Peso:9000  GR;;;
;Quita pelusas philips gc026/00 electrico todo tipo ropa pila aa;60000;1;0;;;;;EDPQGC02600-RT;;PHILIPS;;;;8,40;8,40;8,40;0,37;0;;;;;;;;;;;;;;;;;http://181.40.23.235:8199/files/imagenes/productos/EDPQGC02600-RT.jpg;;;Marca:PHILIPS&Producto:QUITAPELUSAS DE ROPA&Segmento:PEQUE�OS ELECTRODOMESTICOS&Vendedor:Sara Comercial&Ancho:8,4  CM&Alto:17,3  CM&Largo:10,2  CM&Peso:267  GR;;;
;Sandwichera philips hd-2394 placa panini luz piloto antiadherente 820w 220v;269000;1;0;;;;;EDPHSHD2394;;PHILIPS;;;;26,80;26,80;26,80;2,42;0;;;;;;;;;;;;;;;;;http://181.40.23.235:8199/files/imagenes/productos/EDPHSHD2394.jpg;;;Marca:PHILIPS&Producto:SANDWICHERAS&Segmento:PEQUE�OS ELECTRODOMESTICOS&Vendedor:Sara Comercial&Ancho:26,8  CM&Alto:27,6  CM&Largo:13,1  CM&Peso:1640  GR;;;
;Secador de pelo philips bhd004/10 golpe frio 1800w 220v;187000;1;0;;;;;EDPCSBHD00410-RT;;PHILIPS;;;;28,90;28,90;28,90;1,24;0;;;;;;;;;;;;;;;;;http://181.40.23.235:8199/files/imagenes/productos/EDPCSBHD00410-RT.jpg;;;Marca:PHILIPS&Producto:SECADORES DE CABELLO&Segmento:CUIDADO PERSONAL&Vendedor:Sara Comercial&Ancho:28,9  CM&Alto:18,4  CM&Largo:9,3  CM&Peso:640  GR;;;
;Secador de pelo philips bhc010/10 3 vel para viaje 1200w 220v;126000;1;0;;;;;EDPCSBHC01010-RT;;PHILIPS;;;;11,40;11,40;11,40;0,48;0;;;;;;;;;;;;;;;;;http://181.40.23.235:8199/files/imagenes/productos/EDPCSBHC01010-RT.jpg;;;Marca:PHILIPS&Producto:SECADORES DE CABELLO&Segmento:CUIDADO PERSONAL&Vendedor:Sara Comercial&Ancho:11,4  CM&Alto:22  CM&Largo:7,7  CM&Peso:372  GR;;;
;Sandwichera philips hd2393/02 placa corte/sellado luz pil an/adherente 820w220v;228000;1;0;;;;;EDPHSHD239302;;PHILIPS;;;;26,80;26,80;26,80;2,42;0;;;;;;;;;;;;;;;;;http://181.40.23.235:8199/files/imagenes/productos/EDPHSHD239302.jpg;;;Marca:PHILIPS&Producto:SANDWICHERAS&Segmento:PEQUE�OS ELECTRODOMESTICOS&Vendedor:Sara Comercial&Ancho:26,8  CM&Alto:27,6  CM&Largo:13,1  CM&Peso:1640  GR;;;
;Sandwichera b+d sm2000w-cl placa cut sella luz antiadherente 700w220v;123000;1;0;;;;;EDBSM2000WCL-RT;;BLACK & DECKER;;;;25,90;25,90;25,90;3,00;0;;;;;;;;;;;;;;;;;http://181.40.23.235:8199/files/imagenes/productos/EDBSM2000WCL-RT.jpg;;;Marca:BLACK & DECKER&Producto:SANDWICHERAS&Segmento:PEQUE�OS ELECTRODOMESTICOS&Vendedor:Sara Comercial&Ancho:25,9  CM&Alto:32  CM&Largo:14,5  CM&Peso:1800  GR;;;
;Secador de pelo philips bhd006/00 3 ve/cal gp frio mango plegable 1600w 110-240v;202000;1;0;;;;;EDPCPSPBHD00600-RT;;PHILIPS;;;;13,50;13,50;13,50;0,73;0;;;;;;;;;;;;;;;;;http://181.40.23.235:8199/files/imagenes/productos/EDPCPSPBHD00600-RT.jpg;;;Marca:PHILIPS&Producto:SECADORES DE CABELLO&Segmento:CUIDADO PERSONAL&Vendedor:Sara Comercial&Ancho:13,5  CM&Alto:25,3  CM&Largo:8,5  CM&Peso:575  GR;;;
;Secador de pelo philips bhd272/00 pro 6vel/cal gp frio ion 2100w 220v;0;1;0;;;;;EDPCPSBHD27200-RT;;PHILIPS;;;;26,20;26,20;26,20;12,25;0;;;;;;;;;;;;;;;;;http://181.40.23.235:8199/files/imagenes/productos/EDPCPSBHD27200-RT.jpg;;;Marca:PHILIPS&Producto:SECADORES DE CABELLO&Segmento:CUIDADO PERSONAL&Vendedor:Sara Comercial&Ancho:26,2  CM&Alto:58,8  CM&Largo:31,8  CM&Peso:660  GR;;;
;Secador de pelo philips hp8217/00 thermoprotect 6 vel 2200w;212000;1;0;;;;;EDPCHP821700-RT;;PHILIPS;;;;31,00;31,00;31,00;1,96;0;;;;;;;;;;;;;;;;;http://181.40.23.235:8199/files/imagenes/productos/EDPCHP821700-RT.jpg;;;Marca:PHILIPS&Producto:SECADORES DE CABELLO&Segmento:CUIDADO PERSONAL&Vendedor:Sara Comercial&Ancho:31  CM&Alto:23  CM&Largo:11  CM&Peso:922  GR;;;
;Secador de pelo philips bhd007/00 3v/cal gp frio ion man plegable 1800w 110-240v;228000;1;0;;;;;EDPCPSPBHD00700-RT;;PHILIPS;;;;13,50;13,50;13,50;0,73;0;;;;;;;;;;;;;;;;;http://181.40.23.235:8199/files/imagenes/productos/EDPCPSPBHD00700-RT.jpg;;;Marca:PHILIPS&Producto:SECADORES DE CABELLO&Segmento:CUIDADO PERSONAL&Vendedor:Sara Comercial&Ancho:13,5  CM&Alto:25,3  CM&Largo:8,5  CM&Peso:580  GR;;;
;Secador de pelo philips hp8230/00 6 vel/cal gp frio 2100w 220v;180000;1;0;;;;;EDPCPSPHP823000-RT;;PHILIPS;;;;31,00;31,00;31,00;1,96;0;;;;;;;;;;;;;;;;;http://181.40.23.235:8199/files/imagenes/productos/EDPCPSPHP823000-RT.jpg;;;Marca:PHILIPS&Producto:SECADORES DE CABELLO&Segmento:CUIDADO PERSONAL&Vendedor:Sara Comercial&Ancho:31  CM&Alto:23  CM&Largo:11  CM&Peso:841  GR;;;
;Secarropas mabe sem81bdby 9kgs carga frontal blanco;1731000;1;0;;;;;EDMSEM81BDBY;;MABE;;;;59,50;59,50;59,50;68,10;0;;;;;;;;;;;;;;;;;http://181.40.23.235:8199/files/imagenes/productos/EDMSEM81BDBY.jpg;;;Marca:MABE&Producto:SECARROPAS CARGA FRONTAL&Segmento:LAVADO/SECADO&Vendedor:Sara Comercial&Ancho:59,5  CM&Alto:84  CM&Largo:54,5  CM&Peso:0  GR;;;
;Set philips bhh811/00 alisador + ondulador 5 acc 210�c ceramic 220v;394000;1;0;;;;;EDPCBHH81100-RT;;PHILIPS;;;;9,00;9,00;9,00;0,68;0;;;;;;;;;;;;;;;;;http://181.40.23.235:8199/files/imagenes/productos/EDPCBHH81100-RT.jpg;;;Marca:PHILIPS&Producto:COMBOS&Segmento:CUIDADO PERSONAL&Vendedor:Sara Comercial&Ancho:9  CM&Alto:24  CM&Largo:12,2  CM&Peso:682  GR;;;
;Secador de pelo philips hp8232/00 6 vel/cal gp frio ion difusor 2200w 220v;282000;1;0;;;;;EDPCPSPHP823200-RT;;PHILIPS;;;;31,00;31,00;31,00;1,96;0;;;;;;;;;;;;;;;;;http://181.40.23.235:8199/files/imagenes/productos/EDPCPSPHP823200-RT.jpg;;;Marca:PHILIPS&Producto:SECADORES DE CABELLO&Segmento:CUIDADO PERSONAL&Vendedor:Sara Comercial&Ancho:31  CM&Alto:23  CM&Largo:11  CM&Peso:924  GR;;;
;Soplador aspirador ducati dbl-va2800;1296000;1;0;;;;;GFDUDBLVA2800;;DUCATI;;;;38,00;38,00;38,00;18,70;0;;;;;;;;;;;;;;;;;http://181.40.23.235:8199/files/imagenes/productos/GFDUDBLVA2800.jpg;;;Marca:DUCATI&Producto:SOPLADORES&Segmento:MAQUINARIAS&Vendedor:Sara Comercial&Ancho:38  CM&Alto:37,5  CM&Largo:52,5  CM&Peso:4900  GR;;;
;Soup maker philips hr2203/80 jar inox 1/2l 4racion 5prog licua manual 1000w220v;800000;1;0;;;;;EDPHSMHR220380-RT;;PHILIPS;;;;22,00;22,00;22,00;4,11;0;;;;;;;;;;;;;;;;;http://181.40.23.235:8199/files/imagenes/productos/EDPHSMHR220380-RT.jpg;;;Marca:PHILIPS&Producto:LICUADORAS&Segmento:PEQUE�OS ELECTRODOMESTICOS&Vendedor:Sara Comercial&Ancho:22  CM&Alto:34  CM&Largo:22  CM&Peso:2780  GR;;;
;Soplador mochila ducati dbl-bp7600;2329000;1;0;;;;;GFDUDBLBP7600;;DUCATI;;;;38,50;38,50;38,50;23,44;0;;;;;;;;;;;;;;;;;http://181.40.23.235:8199/files/imagenes/productos/GFDUDBLBP7600.jpg;;;Marca:DUCATI&Producto:SOPLADORES&Segmento:MAQUINARIAS&Vendedor:Sara Comercial&Ancho:38,5  CM&Alto:49,5  CM&Largo:49,2  CM&Peso:11500  GR;;;
;Televisor aiwa aw-55b4kfl isdb-t smart uhd c/dolby linux frameless hdmi;3706000;1;0;;;;;TVAW55B4KFL-RT;;AIWA;;;;19,00;19,00;19,00;55,19;0;;;;;;;;;;;;;;;;;http://181.40.23.235:8199/files/imagenes/productos/TVAW55B4KFL-RT.jpg;;;Marca:AIWA&Producto:LEDS&Segmento:TV/AUDIO/VIDEO&Vendedor:Sara Comercial&Ancho:19  CM&Alto:84,5  CM&Largo:137,5  CM&Peso:17200  GR;;;
;Televisor aiwa aw-43b4smfl isdb-t smart fhd c/dolby linux frameless hdmi;2594000;1;0;;;;;TVAW43B4SMFL-RT;;AIWA;;;;13,50;13,50;13,50;23,99;0;;;;;;;;;;;;;;;;;http://181.40.23.235:8199/files/imagenes/productos/TVAW43B4SMFL-RT.jpg;;;Marca:AIWA&Producto:LEDS&Segmento:TV/AUDIO/VIDEO&Vendedor:Sara Comercial&Ancho:13,5  CM&Alto:65,5  CM&Largo:108,5  CM&Peso:8800  GR;;;
;Televisor aiwa aw-58b4k d-isdb-t smart 4k uhd c/dolby hdmi/usb/wifi/audio in;3989000;1;0;;;;;TVAW58B4K-RT;;AIWA;;;;15,00;15,00;15,00;47,63;0;;;;;;;;;;;;;;;;;http://181.40.23.235:8199/files/imagenes/productos/TVAW58B4K-RT.jpg;;;Marca:AIWA&Producto:LEDS&Segmento:TV/AUDIO/VIDEO&Vendedor:Sara Comercial&Ancho:15  CM&Alto:87  CM&Largo:146  CM&Peso:19400  GR;;;
;Televisor aiwa aw-65b4k d-isdb-t smart 4k uhd c/dolby hdmi/usb/wifi/audio in;5589000;1;0;;;;;TVAW65B4K-RT;;AIWA;;;;18,00;18,00;18,00;71,44;0;;;;;;;;;;;;;;;;;http://181.40.23.235:8199/files/imagenes/productos/TVAW65B4K-RT.jpg;;;Marca:AIWA&Producto:LEDS&Segmento:TV/AUDIO/VIDEO&Vendedor:Sara Comercial&Ancho:18  CM&Alto:98  CM&Largo:162  CM&Peso:26020  GR;;;
;Tijera ducati 2 manos 60cm;374000;1;0;;;;;GFDUDPS60;;DUCATI;;;;0,00;0,00;0,00;0,00;0;;;;;;;;;;;;;;;;;http://181.40.23.235:8199/files/imagenes/productos/GFDUDPS60.JPG;;;Marca:DUCATI&Producto:CUIDADO Y LIMPIEZA&Segmento:CAMPO Y JARDIN&Vendedor:Sara Comercial&Ancho:0  CM&Alto:0  CM&Largo:0  CM&Peso:0  GR;;;
;Tijera cortasetos ducati dht57;324000;1;0;;;;;GFDUDHT57;;DUCATI;;;;0,00;0,00;0,00;0,00;0;;;;;;;;;;;;;;;;;http://181.40.23.235:8199/files/imagenes/productos/GFDUDHT57.jpg;;;Marca:DUCATI&Producto:CUIDADO Y LIMPIEZA&Segmento:CAMPO Y JARDIN&Vendedor:Sara Comercial&Ancho:0  CM&Alto:0  CM&Largo:0  CM&Peso:0  GR;;;
;Tijera ducati 2 manos 90cm;475000;1;0;;;;;GFDUDPS90;;DUCATI;;;;0,00;0,00;0,00;0,00;0;;;;;;;;;;;;;;;;;http://181.40.23.235:8199/files/imagenes/productos/GFDUDPS90.jpg;;;Marca:DUCATI&Producto:CUIDADO Y LIMPIEZA&Segmento:CAMPO Y JARDIN&Vendedor:Sara Comercial&Ancho:0  CM&Alto:0  CM&Largo:0  CM&Peso:0  GR;;;
;Tijera poda profesional ducati bypass;243000;1;0;;;;;GFDUDPS1;;DUCATI;;;;3,70;3,70;3,70;0,25;0;;;;;;;;;;;;;;;;;http://181.40.23.235:8199/files/imagenes/productos/GFDUDPS1.JPG;;;Marca:DUCATI&Producto:CUIDADO Y LIMPIEZA&Segmento:CAMPO Y JARDIN&Vendedor:Sara Comercial&Ancho:3,7  CM&Alto:6,2  CM&Largo:3,5  CM&Peso:250  GR;;;
;Tostadora b+d tr200bd-cl 2 ran 6 niv tostado bandeja p/ miga 750w220v;84000;1;0;;;;;EDBTTR200BDCL-RT;;BLACK & DECKER;;;;15,00;15,00;15,00;2,59;0;;;;;;;;;;;;;;;;;http://181.40.23.235:8199/files/imagenes/productos/EDBTTR200BDCL-RT.jpg;;;Marca:BLACK & DECKER&Producto:TOSTADORAS&Segmento:PEQUE�OS ELECTRODOMESTICOS&Vendedor:Sara Comercial&Ancho:15  CM&Alto:30  CM&Largo:23  CM&Peso:2000  GR;;;
;Tijera poda profesional ducati yunque;248000;1;0;;;;;GFDUDPS6;;DUCATI;;;;3,70;3,70;3,70;0,25;0;;;;;;;;;;;;;;;;;http://181.40.23.235:8199/files/imagenes/productos/GFDUDPS6.JPG;;;Marca:DUCATI&Producto:CUIDADO Y LIMPIEZA&Segmento:CAMPO Y JARDIN&Vendedor:Sara Comercial&Ancho:3,7  CM&Alto:6,2  CM&Largo:3,5  CM&Peso:250  GR;;;
;Torre de sonido aiwa aw-pov2 200w rms dj on top bt/usb/aux/mic/eq;1468000;1;0;;;;;ELAWPOV2-RT;;AIWA;;;;34,50;34,50;34,50;30,61;0;;;;;;;;;;;;;;;;;http://181.40.23.235:8199/files/imagenes/productos/ELAWPOV2-RT.jpg;;;Marca:AIWA&Producto:PARLANTES ACT. ELECTRICOS&Segmento:TV/AUDIO/VIDEO&Vendedor:Sara Comercial&Ancho:34,5  CM&Alto:91  CM&Largo:39  CM&Peso:13260  GR;;;
;Tostadora philips hd2581/94 2 ran 8 niv tos rejilla band p/miga 900w240v;207000;1;0;;;;;EDPTHD258194-RT;;PHILIPS;;;;30,40;30,40;30,40;2,99;0;;;;;;;;;;;;;;;;;http://181.40.23.235:8199/files/imagenes/productos/EDPTHD258194-RT.jpg;;;Marca:PHILIPS&Producto:TOSTADORAS&Segmento:PEQUE�OS ELECTRODOMESTICOS&Vendedor:Sara Comercial&Ancho:30,4  CM&Alto:21,4  CM&Largo:18,4  CM&Peso:1472  GR;;;
;Tripode para parlante aiwa aw-mpro15;60000;1;0;;;;;ELAWBTES30-RT;;AIWA;;;;13,00;13,00;13,00;2,71;0;;;;;;;;;;;;;;;;;http://181.40.23.235:8199/files/imagenes/productos/ELAWBTES30-RT.jpg;;;Marca:AIWA&Producto:PARLANTES ACT. ELECTRICOS&Segmento:TV/AUDIO/VIDEO&Vendedor:Sara Comercial&Ancho:13  CM&Alto:12  CM&Largo:69,5  CM&Peso:2600  GR;;;
;Vaporera philips hd9140/91 9l temp preestablecidos pot sabor 2 acc 900w220v;674000;1;0;;;;;EDPHVHD914091-RT;;PHILIPS;;;;28,50;28,50;28,50;6,74;0;;;;;;;;;;;;;;;;;http://181.40.23.235:8199/files/imagenes/productos/EDPHVHD914091-RT.jpg;;;Marca:PHILIPS&Producto:COCCION AL VAPOR&Segmento:PEQUE�OS ELECTRODOMESTICOS&Vendedor:Sara Comercial&Ancho:28,5  CM&Alto:33,2  CM&Largo:28,5  CM&Peso:2830  GR;;;
;Vaporizador de ropa philips gc518/20 32g/m placa xl 5 aju vapor 1/6l 1600w220v;822000;1;0;;;;;EDPVRGC51820-RT;;PHILIPS;;;;41,50;41,50;41,50;12,53;0;;;;;;;;;;;;;;;;;http://181.40.23.235:8199/files/imagenes/productos/EDPVRGC51820-RT.jpg;;;Marca:PHILIPS&Producto:PLANCHAS DE ROPA&Segmento:PEQUE�OS ELECTRODOMESTICOS&Vendedor:Sara Comercial&Ancho:41,5  CM&Alto:34,5  CM&Largo:35  CM&Peso:4467  GR;;;
